timestamp,open,high,low,close,volume
2026-05-23 08:00:00,1.001,1.0011,1.0009,1.0009,756346.0
2026-05-23 09:00:00,1.001,1.001,1.0009,1.001,350138.0
2026-05-23 10:00:00,1.0009,1.001,1.0009,1.001,213619.0
2026-05-23 11:00:00,1.001,1.001,1.0009,1.001,132375.0
2026-05-23 12:00:00,1.0009,1.001,1.0009,1.0009,124153.0
2026-05-23 13:00:00,1.001,1.001,1.0009,1.001,514090.0
2026-05-23 14:00:00,1.001,1.0011,1.0009,1.0011,332868.0
2026-05-23 15:00:00,1.0011,1.0011,1.0009,1.001,753933.0
2026-05-23 16:00:00,1.001,1.0011,1.0009,1.001,620581.0
2026-05-23 17:00:00,1.001,1.0011,1.0009,1.0011,101917.0
2026-05-23 18:00:00,1.0011,1.0011,1.001,1.001,227642.0
2026-05-23 19:00:00,1.001,1.0011,1.001,1.0011,154753.0
2026-05-23 20:00:00,1.0011,1.0012,1.001,1.0012,1275325.0
2026-05-23 21:00:00,1.0011,1.0012,1.0011,1.0011,613122.0
2026-05-23 22:00:00,1.0011,1.0012,1.0011,1.0011,228812.0
2026-05-23 23:00:00,1.0012,1.0012,1.0011,1.0012,211165.0
2026-05-24 00:00:00,1.0012,1.0012,1.0011,1.0011,165083.0
2026-05-24 01:00:00,1.0011,1.0012,1.001,1.0011,210879.0
2026-05-24 02:00:00,1.0011,1.0011,1.001,1.0011,106082.0
2026-05-24 03:00:00,1.0011,1.0011,1.001,1.001,166610.0
2026-05-24 04:00:00,1.0011,1.0012,1.001,1.001,614705.0
2026-05-24 05:00:00,1.0011,1.0011,1.001,1.001,348643.0
2026-05-24 06:00:00,1.0011,1.0012,1.001,1.0012,790938.0
2026-05-24 07:00:00,1.0012,1.0012,1.001,1.0011,411779.0
2026-05-24 08:00:00,1.0011,1.0012,1.001,1.001,476848.0
2026-05-24 09:00:00,1.0011,1.0011,1.001,1.0011,293373.0
2026-05-24 10:00:00,1.0011,1.0012,1.001,1.0011,914390.0
2026-05-24 11:00:00,1.0011,1.0012,1.001,1.0011,571166.0
2026-05-24 12:00:00,1.001,1.0011,1.001,1.0011,891201.0
2026-05-24 13:00:00,1.001,1.0011,1.0009,1.0009,770342.0
2026-05-24 14:00:00,1.001,1.001,1.0008,1.0009,1398841.0
2026-05-24 15:00:00,1.0008,1.0009,1.0008,1.0009,506821.0
2026-05-24 16:00:00,1.0009,1.0009,1.0008,1.0008,494430.0
2026-05-24 17:00:00,1.0009,1.0009,1.0008,1.0009,816980.0
2026-05-24 18:00:00,1.0009,1.001,1.0008,1.0009,1708431.0
2026-05-24 19:00:00,1.0009,1.0012,1.0009,1.001,626983.0
2026-05-24 20:00:00,1.001,1.0012,1.001,1.0012,425722.0
2026-05-24 21:00:00,1.0011,1.0012,1.001,1.0011,465734.0
2026-05-24 22:00:00,1.001,1.0012,1.001,1.0011,1005305.0
2026-05-24 23:00:00,1.001,1.0012,1.001,1.001,361445.0
2026-05-25 00:00:00,1.001,1.0012,1.001,1.0011,162535.0
2026-05-25 01:00:00,1.001,1.0011,1.001,1.001,1200025.0
2026-05-25 02:00:00,1.001,1.0011,1.0009,1.0009,501879.0
2026-05-25 03:00:00,1.0009,1.0011,1.0009,1.0009,982682.0
2026-05-25 04:00:00,1.0009,1.001,1.0008,1.001,1562734.0
2026-05-25 05:00:00,1.001,1.001,1.0009,1.0009,190458.0
2026-05-25 06:00:00,1.0009,1.001,1.0008,1.0009,879000.0
2026-05-25 07:00:00,1.0008,1.001,1.0008,1.0009,914330.0
2026-05-25 08:00:00,1.0009,1.001,1.0008,1.001,1016322.0
2026-05-25 09:00:00,1.0009,1.001,1.0009,1.001,364132.0
2026-05-25 10:00:00,1.001,1.001,1.0008,1.0008,243237.0
2026-05-25 11:00:00,1.0009,1.0009,1.0007,1.0007,1321301.0
2026-05-25 12:00:00,1.0008,1.0008,1.0007,1.0008,798969.0
2026-05-25 13:00:00,1.0007,1.0008,1.0007,1.0007,557454.0
2026-05-25 14:00:00,1.0008,1.0008,1.0007,1.0007,481470.0
2026-05-25 15:00:00,1.0008,1.0008,1.0007,1.0007,931942.0
2026-05-25 16:00:00,1.0008,1.0009,1.0007,1.0008,1292977.0
2026-05-25 17:00:00,1.0008,1.0008,1.0005,1.0006,3045417.0
2026-05-25 18:00:00,1.0006,1.0006,1.0005,1.0005,2749975.0
2026-05-25 19:00:00,1.0006,1.0007,1.0005,1.0007,6409143.0
2026-05-25 20:00:00,1.0007,1.0008,1.0006,1.0008,1613305.0
2026-05-25 21:00:00,1.0008,1.0008,1.0006,1.0007,1141096.0
2026-05-25 22:00:00,1.0007,1.0008,1.0006,1.0008,1550409.0
2026-05-25 23:00:00,1.0008,1.0008,1.0006,1.0007,2717690.0
2026-05-26 00:00:00,1.0008,1.0008,1.0007,1.0008,1188450.0
2026-05-26 01:00:00,1.0008,1.0008,1.0007,1.0008,798688.0
2026-05-26 02:00:00,1.0008,1.0008,1.0006,1.0007,981670.0
2026-05-26 03:00:00,1.0007,1.0007,1.0006,1.0007,672372.0
2026-05-26 04:00:00,1.0007,1.0008,1.0006,1.0008,303275.0
2026-05-26 05:00:00,1.0008,1.001,1.0007,1.0008,645797.0
2026-05-26 06:00:00,1.0008,1.0009,1.0007,1.0008,1149323.0
2026-05-26 07:00:00,1.0009,1.0009,1.0007,1.0008,9104592.0
2026-05-26 08:00:00,1.0009,1.0009,1.0008,1.0008,1305250.0
2026-05-26 09:00:00,1.0009,1.0009,1.0008,1.0008,4019852.0
2026-05-26 10:00:00,1.0008,1.0011,1.0008,1.0011,7724845.0
2026-05-26 11:00:00,1.001,1.0011,1.0009,1.001,1341704.0
2026-05-26 12:00:00,1.001,1.001,1.0009,1.0009,1288562.0
2026-05-26 13:00:00,1.0009,1.001,1.0008,1.0009,5054374.0
2026-05-26 14:00:00,1.001,1.001,1.0009,1.001,4025980.0
2026-05-26 15:00:00,1.001,1.001,1.0008,1.0009,3839286.0
2026-05-26 16:00:00,1.0008,1.0011,1.0008,1.0009,3336804.0
2026-05-26 17:00:00,1.0009,1.001,1.0008,1.0009,2903733.0
2026-05-26 18:00:00,1.0009,1.0013,1.0009,1.0012,2719058.0
2026-05-26 19:00:00,1.0012,1.0013,1.0011,1.0012,2708779.0
2026-05-26 20:00:00,1.0011,1.0012,1.001,1.001,2156913.0
2026-05-26 21:00:00,1.001,1.0011,1.0009,1.001,1712408.0
2026-05-26 22:00:00,1.001,1.0011,1.001,1.001,2006358.0
2026-05-26 23:00:00,1.001,1.0011,1.001,1.0011,830453.0
2026-05-27 00:00:00,1.001,1.0011,1.001,1.001,544390.0
2026-05-27 01:00:00,1.001,1.0011,1.001,1.0011,548953.0
2026-05-27 02:00:00,1.001,1.0011,1.001,1.001,719955.0
2026-05-27 03:00:00,1.001,1.0012,1.001,1.0011,560398.0
2026-05-27 04:00:00,1.0012,1.0012,1.0011,1.0012,1142889.0
2026-05-27 05:00:00,1.0012,1.0012,1.001,1.0011,1385017.0
2026-05-27 06:00:00,1.0011,1.0013,1.0011,1.0012,1499822.0
2026-05-27 07:00:00,1.0013,1.0014,1.0011,1.0012,1332472.0
2026-05-27 08:00:00,1.0012,1.0012,1.0011,1.0012,446020.0
2026-05-27 09:00:00,1.0011,1.0013,1.0011,1.0013,646645.0
2026-05-27 10:00:00,1.0012,1.0013,1.0012,1.0013,247475.0
2026-05-27 11:00:00,1.0013,1.0013,1.0012,1.0012,1329522.0
2026-05-27 12:00:00,1.0013,1.0013,1.0012,1.0012,642899.0
2026-05-27 13:00:00,1.0013,1.0015,1.0012,1.0015,2909979.0
2026-05-27 14:00:00,1.0015,1.0016,1.0013,1.0013,3825629.0
2026-05-27 15:00:00,1.0013,1.0015,1.0013,1.0015,3828973.0
2026-05-27 16:00:00,1.0015,1.0016,1.0012,1.0012,2122517.0
2026-05-27 17:00:00,1.0012,1.0014,1.0012,1.0013,2181003.0
2026-05-27 18:00:00,1.0012,1.0015,1.0012,1.0014,1225297.0
2026-05-27 19:00:00,1.0015,1.0016,1.0014,1.0016,1075642.0
2026-05-27 20:00:00,1.0015,1.0017,1.0013,1.0013,2068205.0
2026-05-27 21:00:00,1.0013,1.0014,1.0011,1.0011,2600609.0
2026-05-27 22:00:00,1.0011,1.0013,1.0011,1.0012,1623362.0
2026-05-27 23:00:00,1.0011,1.0012,1.001,1.0011,1905186.0
2026-05-28 00:00:00,1.001,1.0012,1.001,1.0011,928260.0
2026-05-28 01:00:00,1.0011,1.0014,1.0011,1.0013,5795385.0
2026-05-28 02:00:00,1.0013,1.0014,1.0013,1.0014,1398108.0
2026-05-28 03:00:00,1.0013,1.0014,1.0012,1.0012,2701724.0
2026-05-28 04:00:00,1.0012,1.002,1.0011,1.0014,3574750.0
2026-05-28 05:00:00,1.0014,1.0015,1.0013,1.0013,1069863.0
2026-05-28 06:00:00,1.0013,1.0014,1.0013,1.0013,507433.0
2026-05-28 07:00:00,1.0013,1.0015,1.0013,1.0014,662110.0
2026-05-28 08:00:00,1.0015,1.0015,1.0013,1.0013,745160.0
2026-05-28 09:00:00,1.0014,1.0014,1.0013,1.0014,321806.0
2026-05-28 10:00:00,1.0013,1.0014,1.0012,1.0013,2219186.0
2026-05-28 11:00:00,1.0013,1.0014,1.0012,1.0012,750984.0
2026-05-28 12:00:00,1.0012,1.0013,1.0012,1.0012,341320.0
2026-05-28 13:00:00,1.0013,1.0013,1.0011,1.0013,1766150.0
2026-05-28 14:00:00,1.0012,1.0013,1.0012,1.0012,1308845.0
2026-05-28 15:00:00,1.0013,1.0013,1.0012,1.0013,552690.0
2026-05-28 16:00:00,1.0013,1.0014,1.0012,1.0014,1594530.0
2026-05-28 17:00:00,1.0014,1.0014,1.0011,1.0012,1294039.0
2026-05-28 18:00:00,1.0012,1.0013,1.0011,1.0013,1017149.0
2026-05-28 19:00:00,1.0012,1.0013,1.0012,1.0012,176549.0
2026-05-28 20:00:00,1.0012,1.0013,1.0011,1.0011,1347893.0
2026-05-28 21:00:00,1.0011,1.0012,1.0011,1.0011,644672.0
2026-05-28 22:00:00,1.0011,1.0012,1.0011,1.0011,473975.0
2026-05-28 23:00:00,1.0011,1.0012,1.0011,1.0012,768408.0
2026-05-29 00:00:00,1.0012,1.0012,1.001,1.0011,1381558.0
2026-05-29 01:00:00,1.0011,1.0011,1.001,1.001,1052736.0
2026-05-29 02:00:00,1.001,1.0012,1.001,1.0011,586013.0
2026-05-29 03:00:00,1.0011,1.0012,1.0011,1.0012,1302165.0
2026-05-29 04:00:00,1.0011,1.0012,1.0011,1.0012,511368.0
2026-05-29 05:00:00,1.0011,1.0012,1.0011,1.0011,448403.0
2026-05-29 06:00:00,1.0012,1.0012,1.001,1.0011,1775054.0
2026-05-29 07:00:00,1.0011,1.0011,1.001,1.0011,353009.0
2026-05-29 08:00:00,1.0011,1.0011,1.001,1.001,658862.0
2026-05-29 09:00:00,1.001,1.0011,1.001,1.0011,838507.0
2026-05-29 10:00:00,1.001,1.0011,1.001,1.001,369635.0
2026-05-29 11:00:00,1.0011,1.0011,1.001,1.001,732681.0
2026-05-29 12:00:00,1.001,1.0011,1.0009,1.001,403410.0
2026-05-29 13:00:00,1.0009,1.001,1.0009,1.001,1293184.0
2026-05-29 14:00:00,1.001,1.0013,1.0009,1.0012,3843094.0
2026-05-29 15:00:00,1.0012,1.0013,1.0011,1.0012,2644969.0
2026-05-29 16:00:00,1.0013,1.0013,1.001,1.0011,2218958.0
2026-05-29 17:00:00,1.0011,1.0011,1.0009,1.0011,2306573.0
2026-05-29 18:00:00,1.0011,1.0011,1.0009,1.0011,828548.0
2026-05-29 19:00:00,1.001,1.0011,1.0009,1.001,233191.0
2026-05-29 20:00:00,1.0009,1.001,1.0009,1.001,125701.0
2026-05-29 21:00:00,1.0009,1.001,1.0009,1.0009,303396.0
2026-05-29 22:00:00,1.0009,1.001,1.0009,1.0009,141979.0
2026-05-29 23:00:00,1.001,1.001,1.0009,1.0009,571175.0
2026-05-30 00:00:00,1.0009,1.001,1.0009,1.0009,345063.0
2026-05-30 01:00:00,1.001,1.001,1.0009,1.001,604464.0
2026-05-30 02:00:00,1.001,1.001,1.0009,1.0009,434868.0
2026-05-30 03:00:00,1.0009,1.001,1.0009,1.001,320108.0
2026-05-30 04:00:00,1.0009,1.001,1.0008,1.0008,1042150.0
2026-05-30 05:00:00,1.0008,1.0009,1.0008,1.0009,457514.0
2026-05-30 06:00:00,1.0008,1.001,1.0008,1.001,1519361.0
2026-05-30 07:00:00,1.001,1.001,1.0009,1.0009,625383.0
2026-05-30 08:00:00,1.0009,1.001,1.0008,1.0009,876821.0
2026-05-30 09:00:00,1.0009,1.001,1.0008,1.0009,858982.0
2026-05-30 10:00:00,1.0009,1.001,1.0009,1.001,337038.0
2026-05-30 11:00:00,1.0009,1.001,1.0009,1.0009,314665.0
2026-05-30 12:00:00,1.0009,1.001,1.0009,1.0009,256998.0
2026-05-30 13:00:00,1.001,1.001,1.0009,1.001,342711.0
2026-05-30 14:00:00,1.001,1.001,1.0009,1.001,2054978.0
2026-05-30 15:00:00,1.001,1.0011,1.0009,1.001,1195074.0
2026-05-30 16:00:00,1.001,1.0011,1.001,1.0011,1135969.0
2026-05-30 17:00:00,1.0011,1.0011,1.001,1.001,835900.0
2026-05-30 18:00:00,1.0011,1.0011,1.001,1.0011,719100.0
2026-05-30 19:00:00,1.0011,1.0012,1.001,1.0012,1132378.0
2026-05-30 20:00:00,1.0012,1.0012,1.001,1.0011,852763.0
2026-05-30 21:00:00,1.0011,1.0012,1.001,1.001,1726101.0
2026-05-30 22:00:00,1.001,1.0011,1.001,1.0011,279035.0
2026-05-30 23:00:00,1.0011,1.0011,1.001,1.001,519265.0
2026-05-31 00:00:00,1.001,1.0011,1.001,1.001,387347.0
2026-05-31 01:00:00,1.001,1.0011,1.001,1.001,446311.0
2026-05-31 02:00:00,1.0011,1.0011,1.001,1.001,5700837.0
2026-05-31 03:00:00,1.0011,1.0011,1.001,1.0011,609746.0
2026-05-31 04:00:00,1.0011,1.0011,1.001,1.0011,905816.0
2026-05-31 05:00:00,1.0011,1.0011,1.001,1.001,564888.0
2026-05-31 06:00:00,1.0011,1.0011,1.001,1.001,4388585.0
2026-05-31 07:00:00,1.001,1.0011,1.0009,1.001,825966.0
2026-05-31 08:00:00,1.0011,1.0011,1.001,1.001,927711.0
2026-05-31 09:00:00,1.001,1.0011,1.001,1.0011,471443.0
2026-05-31 10:00:00,1.001,1.0011,1.001,1.0011,303559.0
2026-05-31 11:00:00,1.001,1.0011,1.001,1.0011,424979.0
2026-05-31 12:00:00,1.0011,1.0011,1.0009,1.001,8599273.0
2026-05-31 13:00:00,1.001,1.0011,1.0009,1.0009,8496107.0
2026-05-31 14:00:00,1.001,1.001,1.0009,1.0009,2214916.0
2026-05-31 15:00:00,1.0009,1.001,1.0009,1.0009,815562.0
2026-05-31 16:00:00,1.0009,1.001,1.0009,1.0009,9198351.0
2026-05-31 17:00:00,1.0009,1.001,1.0009,1.0009,410319.0
2026-05-31 18:00:00,1.001,1.001,1.0009,1.0009,6802916.0
2026-05-31 19:00:00,1.001,1.001,1.0009,1.0009,660119.0
2026-05-31 20:00:00,1.0009,1.001,1.0009,1.0009,536977.0
2026-05-31 21:00:00,1.001,1.0011,1.0009,1.001,1767456.0
2026-05-31 22:00:00,1.001,1.0012,1.001,1.0012,1159158.0
2026-05-31 23:00:00,1.0012,1.0012,1.0009,1.001,6842168.0
2026-06-01 00:00:00,1.0011,1.0011,1.0009,1.001,1964603.0
2026-06-01 01:00:00,1.001,1.0011,1.0009,1.0009,971942.0
2026-06-01 02:00:00,1.0009,1.0011,1.0009,1.001,2684756.0
2026-06-01 03:00:00,1.0011,1.0011,1.001,1.001,878564.0
2026-06-01 04:00:00,1.001,1.0011,1.0009,1.0009,953194.0
2026-06-01 05:00:00,1.0009,1.001,1.0008,1.0008,2036508.0
2026-06-01 06:00:00,1.0009,1.0009,1.0008,1.0009,2250537.0
2026-06-01 07:00:00,1.0008,1.001,1.0008,1.0009,5744692.0
2026-06-01 08:00:00,1.0009,1.001,1.0008,1.0009,7180539.0
2026-06-01 09:00:00,1.0009,1.0009,1.0006,1.0007,22848694.0
2026-06-01 10:00:00,1.0006,1.0008,1.0006,1.0007,1913500.0
2026-06-01 11:00:00,1.0008,1.0008,1.0006,1.0007,2299480.0
2026-06-01 12:00:00,1.0007,1.0009,1.0006,1.0007,5126170.0
2026-06-01 13:00:00,1.0008,1.0014,1.0007,1.0012,8312743.0
2026-06-01 14:00:00,1.0012,1.0014,1.0011,1.0012,4362476.0
2026-06-01 15:00:00,1.0012,1.0018,1.0011,1.0012,4611781.0
2026-06-01 16:00:00,1.0013,1.0013,1.0011,1.0012,1309276.0
2026-06-01 17:00:00,1.0012,1.0013,1.001,1.0011,1734363.0
2026-06-01 18:00:00,1.0011,1.0012,1.001,1.001,2037254.0
2026-06-01 19:00:00,1.001,1.0011,1.0007,1.0009,3415963.0
2026-06-01 20:00:00,1.0009,1.0011,1.0007,1.0009,2445344.0
2026-06-01 21:00:00,1.0009,1.0009,1.0008,1.0009,1099595.0
2026-06-01 22:00:00,1.0008,1.0009,1.0008,1.0009,579409.0
2026-06-01 23:00:00,1.0009,1.001,1.0008,1.0009,1009493.0
2026-06-02 00:00:00,1.0009,1.0009,1.0008,1.0008,1624380.0
2026-06-02 01:00:00,1.0009,1.001,1.0008,1.0009,2090212.0
2026-06-02 02:00:00,1.0009,1.001,1.0008,1.0008,4365937.0
2026-06-02 03:00:00,1.0008,1.0011,1.0008,1.001,3144064.0
2026-06-02 04:00:00,1.001,1.0011,1.0009,1.001,2153448.0
2026-06-02 05:00:00,1.001,1.001,1.0009,1.0009,753535.0
2026-06-02 06:00:00,1.0009,1.001,1.0008,1.0008,5494267.0
2026-06-02 07:00:00,1.0008,1.0009,1.0008,1.0009,875098.0
2026-06-02 08:00:00,1.0008,1.0009,1.0008,1.0009,597242.0
2026-06-02 09:00:00,1.0008,1.001,1.0008,1.0009,1849125.0
2026-06-02 10:00:00,1.0009,1.0011,1.0008,1.001,1787550.0
2026-06-02 11:00:00,1.0009,1.001,1.0007,1.0007,7634863.0
2026-06-02 12:00:00,1.0007,1.0008,1.0006,1.0006,39710998.0
2026-06-02 13:00:00,1.0006,1.0011,1.0006,1.001,2545110.0
2026-06-02 14:00:00,1.001,1.0014,1.001,1.0012,4423483.0
2026-06-02 15:00:00,1.0012,1.0015,1.0011,1.0012,3773022.0
2026-06-02 16:00:00,1.0012,1.0014,1.0011,1.0012,2845530.0
2026-06-02 17:00:00,1.0012,1.0013,1.0012,1.0012,1329163.0
2026-06-02 18:00:00,1.0012,1.0013,1.0009,1.001,1865962.0
2026-06-02 19:00:00,1.001,1.0011,1.0008,1.0009,1634573.0
2026-06-02 20:00:00,1.0009,1.0009,1.0007,1.0008,724852.0
2026-06-02 21:00:00,1.0008,1.0009,1.0007,1.0008,546707.0
2026-06-02 22:00:00,1.0008,1.0008,1.0006,1.0007,1162104.0
2026-06-02 23:00:00,1.0007,1.0008,1.0006,1.0008,1665491.0
2026-06-03 00:00:00,1.0008,1.001,1.0007,1.0009,2719890.0
2026-06-03 01:00:00,1.0009,1.001,1.0007,1.0007,1177122.0
2026-06-03 02:00:00,1.0007,1.001,1.0007,1.001,2375812.0
2026-06-03 03:00:00,1.0009,1.001,1.0008,1.0008,2178905.0
2026-06-03 04:00:00,1.0008,1.001,1.0006,1.0008,3305558.0
2026-06-03 05:00:00,1.0008,1.0009,1.0007,1.0007,1649236.0
2026-06-03 06:00:00,1.0008,1.0008,1.0007,1.0007,806275.0
2026-06-03 07:00:00,1.0008,1.0011,1.0006,1.0011,5137603.0
2026-06-03 08:00:00,1.001,1.0012,1.0009,1.0011,2680222.0
2026-06-03 09:00:00,1.0012,1.0012,1.001,1.0012,2655635.0
2026-06-03 10:00:00,1.0011,1.0012,1.001,1.0011,1810272.0
2026-06-03 11:00:00,1.0011,1.0011,1.0009,1.0011,2106449.0
2026-06-03 12:00:00,1.0011,1.0011,1.0009,1.001,1421687.0
2026-06-03 13:00:00,1.001,1.0011,1.0009,1.0011,1949405.0
2026-06-03 14:00:00,1.0011,1.0012,1.001,1.0011,2042633.0
2026-06-03 15:00:00,1.0011,1.0014,1.001,1.0012,4331250.0
2026-06-03 16:00:00,1.0011,1.0013,1.0011,1.0012,1671914.0
2026-06-03 17:00:00,1.0012,1.0014,1.0012,1.0013,1482611.0
2026-06-03 18:00:00,1.0013,1.0013,1.0011,1.0011,712045.0
2026-06-03 19:00:00,1.0011,1.0012,1.001,1.0011,1609994.0
2026-06-03 20:00:00,1.0011,1.0011,1.0009,1.001,1263556.0
2026-06-03 21:00:00,1.001,1.0011,1.0009,1.001,973377.0
2026-06-03 22:00:00,1.0009,1.0011,1.0009,1.0009,940468.0
2026-06-03 23:00:00,1.001,1.001,1.0009,1.001,928580.0
2026-06-04 00:00:00,1.001,1.0011,1.0008,1.001,2283296.0
2026-06-04 01:00:00,1.0009,1.001,1.0007,1.0008,1889138.0
2026-06-04 02:00:00,1.0008,1.0009,1.0006,1.0009,3781295.0
2026-06-04 03:00:00,1.0009,1.001,1.0008,1.0008,1693317.0
2026-06-04 04:00:00,1.0009,1.0009,1.0004,1.0004,12064101.0
2026-06-04 05:00:00,1.0004,1.0006,1.0003,1.0006,2448398.0
2026-06-04 06:00:00,1.0005,1.0006,1.0005,1.0006,1484959.0
2026-06-04 07:00:00,1.0006,1.0007,1.0005,1.0006,1362537.0
2026-06-04 08:00:00,1.0006,1.001,1.0006,1.0008,1867456.0
2026-06-04 09:00:00,1.0008,1.0009,1.0007,1.0008,1816415.0
2026-06-04 10:00:00,1.0009,1.001,1.0007,1.0008,3411112.0
2026-06-04 11:00:00,1.0008,1.0008,1.0005,1.0007,4117879.0
2026-06-04 12:00:00,1.0007,1.0008,1.0006,1.0007,1350057.0
2026-06-04 13:00:00,1.0007,1.0009,1.0006,1.0007,1230322.0
2026-06-04 14:00:00,1.0007,1.0009,1.0007,1.0009,1314683.0
2026-06-04 15:00:00,1.0008,1.0009,1.0006,1.0006,1598489.0
2026-06-04 16:00:00,1.0006,1.0008,1.0006,1.0007,695809.0
2026-06-04 17:00:00,1.0007,1.0008,1.0006,1.0006,1323212.0
2026-06-04 18:00:00,1.0007,1.001,1.0006,1.0009,4383448.0
2026-06-04 19:00:00,1.0009,1.0012,1.0008,1.0009,1070931.0
2026-06-04 20:00:00,1.0009,1.0009,1.0007,1.0008,906440.0
2026-06-04 21:00:00,1.0008,1.0009,1.0007,1.0008,544317.0
2026-06-04 22:00:00,1.0008,1.0011,1.0008,1.001,1311618.0
2026-06-04 23:00:00,1.0009,1.0011,1.0009,1.0011,363607.0
2026-06-05 00:00:00,1.001,1.0011,1.0009,1.001,512566.0
2026-06-05 01:00:00,1.0011,1.0012,1.0009,1.0011,861577.0
2026-06-05 02:00:00,1.0011,1.0012,1.001,1.0011,1020595.0
2026-06-05 03:00:00,1.0011,1.0011,1.0009,1.001,1276473.0
2026-06-05 04:00:00,1.0009,1.001,1.0009,1.001,706830.0
2026-06-05 05:00:00,1.0009,1.0011,1.0009,1.0009,1191062.0
2026-06-05 06:00:00,1.001,1.001,1.0007,1.0008,4013519.0
2026-06-05 07:00:00,1.0009,1.001,1.0007,1.0009,2751573.0
2026-06-05 08:00:00,1.0009,1.0009,1.0007,1.0008,1932544.0
2026-06-05 09:00:00,1.0008,1.0009,1.0007,1.0008,1986776.0
2026-06-05 10:00:00,1.0007,1.0008,1.0006,1.0007,1151126.0
2026-06-05 11:00:00,1.0007,1.0008,1.0006,1.0008,907514.0
2026-06-05 12:00:00,1.0008,1.0009,1.0007,1.0008,881916.0
2026-06-05 13:00:00,1.0008,1.0008,1.0006,1.0007,1436598.0
2026-06-05 14:00:00,1.0007,1.0007,1.0003,1.0004,4145295.0
2026-06-05 15:00:00,1.0004,1.0005,1.0003,1.0004,2154178.0
2026-06-05 16:00:00,1.0004,1.0006,1.0003,1.0005,3018477.0
2026-06-05 17:00:00,1.0005,1.0006,1.0004,1.0005,1211334.0
2026-06-05 18:00:00,1.0006,1.0006,1.0005,1.0005,829470.0
2026-06-05 19:00:00,1.0006,1.0006,1.0002,1.0003,1135051.0
2026-06-05 20:00:00,1.0003,1.0004,1.0003,1.0003,556598.0
2026-06-05 21:00:00,1.0003,1.0004,1.0003,1.0004,462511.0
2026-06-05 22:00:00,1.0004,1.0004,1.0002,1.0002,1524830.0
2026-06-05 23:00:00,1.0002,1.0003,1.0001,1.0003,1339237.0
2026-06-06 00:00:00,1.0003,1.0004,1.0002,1.0003,749493.0
2026-06-06 01:00:00,1.0003,1.0004,1.0002,1.0003,386408.0
2026-06-06 02:00:00,1.0003,1.0004,1.0001,1.0003,1286592.0
2026-06-06 03:00:00,1.0002,1.0003,1.0001,1.0002,2666707.0
2026-06-06 04:00:00,1.0003,1.0003,1.0001,1.0002,1618312.0
2026-06-06 05:00:00,1.0002,1.0003,1.0001,1.0002,1570922.0
2026-06-06 06:00:00,1.0003,1.0003,1.0002,1.0003,1413429.0
2026-06-06 07:00:00,1.0003,1.0005,1.0002,1.0005,1248584.0
2026-06-06 08:00:00,1.0004,1.0005,1.0004,1.0004,638462.0
2026-06-06 09:00:00,1.0005,1.0006,1.0004,1.0005,569418.0
2026-06-06 10:00:00,1.0005,1.0005,1.0003,1.0003,839829.0
2026-06-06 11:00:00,1.0003,1.0004,1.0003,1.0004,484070.0
2026-06-06 12:00:00,1.0003,1.0004,1.0003,1.0004,679077.0
2026-06-06 13:00:00,1.0003,1.0005,1.0003,1.0004,611375.0
2026-06-06 14:00:00,1.0004,1.0005,1.0004,1.0004,452691.0
2026-06-06 15:00:00,1.0004,1.0005,1.0003,1.0004,477609.0
2026-06-06 16:00:00,1.0004,1.0005,1.0003,1.0004,641799.0
2026-06-06 17:00:00,1.0003,1.0005,1.0003,1.0004,231379.0
2026-06-06 18:00:00,1.0004,1.0005,1.0003,1.0004,181534.0
2026-06-06 19:00:00,1.0004,1.0005,1.0003,1.0003,199940.0
2026-06-06 20:00:00,1.0003,1.0005,1.0003,1.0004,493684.0
2026-06-06 21:00:00,1.0004,1.0004,1.0003,1.0004,167435.0
2026-06-06 22:00:00,1.0003,1.0004,1.0003,1.0004,184088.0
2026-06-06 23:00:00,1.0003,1.0004,1.0003,1.0003,204254.0
2026-06-07 00:00:00,1.0004,1.0004,1.0003,1.0004,177898.0
2026-06-07 01:00:00,1.0004,1.0004,1.0002,1.0004,714979.0
2026-06-07 02:00:00,1.0004,1.0004,1.0003,1.0004,348329.0
2026-06-07 03:00:00,1.0004,1.0004,1.0003,1.0004,432488.0
2026-06-07 04:00:00,1.0004,1.0004,1.0003,1.0003,335399.0
2026-06-07 05:00:00,1.0003,1.0005,1.0003,1.0004,894042.0
2026-06-07 06:00:00,1.0005,1.0005,1.0004,1.0004,357306.0
2026-06-07 07:00:00,1.0005,1.0005,1.0004,1.0004,366881.0
2026-06-07 08:00:00,1.0004,1.0005,1.0003,1.0004,561526.0
2026-06-07 09:00:00,1.0004,1.0005,1.0003,1.0003,1113867.0
2026-06-07 10:00:00,1.0003,1.0004,1.0003,1.0004,329959.0
2026-06-07 11:00:00,1.0004,1.0004,1.0003,1.0003,644160.0
2026-06-07 12:00:00,1.0003,1.0004,1.0002,1.0003,1221038.0
2026-06-07 13:00:00,1.0003,1.0004,1.0002,1.0004,459747.0
2026-06-07 14:00:00,1.0004,1.0004,1.0003,1.0004,478453.0
2026-06-07 15:00:00,1.0004,1.0005,1.0003,1.0004,643251.0
2026-06-07 16:00:00,1.0004,1.0004,1.0003,1.0004,267548.0
2026-06-07 17:00:00,1.0003,1.0004,1.0003,1.0004,428033.0
2026-06-07 18:00:00,1.0004,1.0004,1.0003,1.0003,176119.0
2026-06-07 19:00:00,1.0003,1.0004,1.0003,1.0003,788054.0
2026-06-07 20:00:00,1.0003,1.0004,1.0003,1.0004,285674.0
2026-06-07 21:00:00,1.0004,1.0004,1.0003,1.0004,254128.0
2026-06-07 22:00:00,1.0004,1.0005,1.0003,1.0004,1666179.0
2026-06-07 23:00:00,1.0003,1.0005,1.0003,1.0004,547296.0
2026-06-08 00:00:00,1.0004,1.0005,1.0003,1.0004,484523.0
2026-06-08 01:00:00,1.0004,1.0005,1.0003,1.0003,447815.0
2026-06-08 02:00:00,1.0003,1.0005,1.0003,1.0004,246954.0
2026-06-08 03:00:00,1.0005,1.0005,1.0003,1.0004,224614.0
2026-06-08 04:00:00,1.0004,1.0005,1.0004,1.0004,315271.0
2026-06-08 05:00:00,1.0004,1.0005,1.0003,1.0004,481637.0
2026-06-08 06:00:00,1.0004,1.0005,1.0004,1.0004,243740.0
2026-06-08 07:00:00,1.0004,1.0006,1.0004,1.0005,1257067.0
2026-06-08 08:00:00,1.0005,1.0006,1.0004,1.0004,743757.0
2026-06-08 09:00:00,1.0005,1.0006,1.0004,1.0005,680703.0
2026-06-08 10:00:00,1.0005,1.0005,1.0004,1.0005,487498.0
2026-06-08 11:00:00,1.0004,1.0006,1.0004,1.0005,505122.0
2026-06-08 12:00:00,1.0005,1.0007,1.0005,1.0007,2445211.0
2026-06-08 13:00:00,1.0007,1.0007,1.0005,1.0005,1283495.0
2026-06-08 14:00:00,1.0005,1.0006,1.0005,1.0005,461821.0
2026-06-08 15:00:00,1.0006,1.0006,1.0003,1.0005,1960885.0
2026-06-08 16:00:00,1.0004,1.0005,1.0003,1.0003,504247.0
2026-06-08 17:00:00,1.0003,1.0004,1.0003,1.0003,269267.0
2026-06-08 18:00:00,1.0004,1.0004,1.0003,1.0004,320611.0
2026-06-08 19:00:00,1.0003,1.0004,0.9999,1.0003,1796296.0
2026-06-08 20:00:00,1.0003,1.0003,1.0001,1.0002,978393.0
2026-06-08 21:00:00,1.0002,1.0003,1.0001,1.0002,503575.0
2026-06-08 22:00:00,1.0002,1.0003,1.0001,1.0003,283654.0
2026-06-08 23:00:00,1.0002,1.0003,1.0002,1.0002,283305.0
2026-06-09 00:00:00,1.0003,1.0003,1.0001,1.0002,1344125.0
2026-06-09 01:00:00,1.0002,1.0003,1.0002,1.0003,424712.0
2026-06-09 02:00:00,1.0003,1.0003,1.0002,1.0002,187265.0
2026-06-09 03:00:00,1.0002,1.0004,1.0002,1.0003,282109.0
2026-06-09 04:00:00,1.0004,1.0004,1.0003,1.0003,533917.0
2026-06-09 05:00:00,1.0004,1.0004,1.0002,1.0004,748687.0
2026-06-09 06:00:00,1.0003,1.0004,1.0003,1.0003,505541.0
2026-06-09 07:00:00,1.0003,1.0004,1.0003,1.0004,447794.0
2026-06-09 08:00:00,1.0004,1.0005,1.0003,1.0004,565914.0
2026-06-09 09:00:00,1.0003,1.0004,1.0002,1.0004,1580697.0
2026-06-09 10:00:00,1.0003,1.0004,1.0002,1.0003,1938983.0
2026-06-09 11:00:00,1.0004,1.0004,1.0003,1.0004,389472.0
2026-06-09 12:00:00,1.0004,1.0004,1.0003,1.0003,418949.0
2026-06-09 13:00:00,1.0003,1.0004,1.0003,1.0003,700470.0
2026-06-09 14:00:00,1.0004,1.0005,1.0003,1.0005,2226387.0
2026-06-09 15:00:00,1.0004,1.0005,1.0003,1.0004,996071.0
2026-06-09 16:00:00,1.0005,1.0006,1.0004,1.0005,1803885.0
2026-06-09 17:00:00,1.0005,1.0006,1.0004,1.0006,545510.0
2026-06-09 18:00:00,1.0005,1.0006,1.0005,1.0005,309707.0
2026-06-09 19:00:00,1.0006,1.0007,1.0005,1.0006,367317.0
2026-06-09 20:00:00,1.0006,1.0007,1.0005,1.0006,215015.0
2026-06-09 21:00:00,1.0005,1.0006,1.0005,1.0005,369939.0
2026-06-09 22:00:00,1.0006,1.0006,1.0005,1.0005,105006.0
2026-06-09 23:00:00,1.0005,1.0006,1.0005,1.0005,258500.0
2026-06-10 00:00:00,1.0005,1.0006,1.0005,1.0005,245529.0
2026-06-10 01:00:00,1.0006,1.0006,1.0005,1.0005,231996.0
2026-06-10 02:00:00,1.0006,1.0006,1.0004,1.0004,739177.0
2026-06-10 03:00:00,1.0005,1.0006,1.0004,1.0005,246214.0
2026-06-10 04:00:00,1.0006,1.0006,1.0004,1.0004,517841.0
2026-06-10 05:00:00,1.0004,1.0006,1.0004,1.0005,585570.0
2026-06-10 06:00:00,1.0005,1.0006,1.0005,1.0005,257043.0
2026-06-10 07:00:00,1.0005,1.0006,1.0005,1.0006,434838.0
2026-06-10 08:00:00,1.0006,1.0006,1.0005,1.0006,482768.0
2026-06-10 09:00:00,1.0006,1.0006,1.0005,1.0006,290807.0
2026-06-10 10:00:00,1.0005,1.0006,1.0005,1.0005,426488.0
2026-06-10 11:00:00,1.0006,1.0006,1.0005,1.0006,1619177.0
2026-06-10 12:00:00,1.0006,1.0006,1.0005,1.0006,598412.0
2026-06-10 13:00:00,1.0005,1.0007,1.0005,1.0006,637107.0
2026-06-10 14:00:00,1.0007,1.0007,1.0006,1.0006,607802.0
2026-06-10 15:00:00,1.0006,1.0008,1.0006,1.0007,1765317.0
2026-06-10 16:00:00,1.0007,1.0008,1.0007,1.0007,532386.0
2026-06-10 17:00:00,1.0008,1.0008,1.0006,1.0006,555226.0
2026-06-10 18:00:00,1.0007,1.0009,1.0006,1.0008,653706.0
2026-06-10 19:00:00,1.0007,1.0008,1.0007,1.0008,292970.0
2026-06-10 20:00:00,1.0008,1.0008,1.0007,1.0008,170257.0
2026-06-10 21:00:00,1.0008,1.0009,1.0007,1.0008,483135.0
2026-06-10 22:00:00,1.0008,1.0009,1.0007,1.0008,343372.0
2026-06-10 23:00:00,1.0007,1.0009,1.0007,1.0007,395625.0
2026-06-11 00:00:00,1.0008,1.0009,1.0007,1.0007,273318.0
2026-06-11 01:00:00,1.0008,1.0008,1.0007,1.0007,364806.0
2026-06-11 02:00:00,1.0008,1.0009,1.0007,1.0007,1400425.0
2026-06-11 03:00:00,1.0007,1.0011,1.0007,1.0009,3752543.0
2026-06-11 04:00:00,1.001,1.001,1.0007,1.0008,1185487.0
2026-06-11 05:00:00,1.0008,1.0009,1.0008,1.0008,326672.0
2026-06-11 06:00:00,1.0008,1.0009,1.0008,1.0009,409953.0
2026-06-11 07:00:00,1.0008,1.001,1.0008,1.0009,1139923.0
2026-06-11 08:00:00,1.001,1.001,1.0007,1.0007,1698126.0
2026-06-11 09:00:00,1.0008,1.0008,1.0007,1.0007,677601.0
2026-06-11 10:00:00,1.0007,1.0008,1.0006,1.0007,776574.0
2026-06-11 11:00:00,1.0007,1.0007,1.0006,1.0007,493493.0
2026-06-11 12:00:00,1.0007,1.0007,1.0006,1.0006,713023.0
2026-06-11 13:00:00,1.0006,1.0007,1.0006,1.0007,422796.0
2026-06-11 14:00:00,1.0007,1.0007,1.0005,1.0007,1412978.0
2026-06-11 15:00:00,1.0007,1.0007,1.0006,1.0006,977992.0
2026-06-11 16:00:00,1.0006,1.0007,1.0006,1.0006,556602.0
2026-06-11 17:00:00,1.0007,1.0009,1.0006,1.0008,4256052.0
2026-06-11 18:00:00,1.0008,1.0008,1.0007,1.0008,467517.0
2026-06-11 19:00:00,1.0008,1.0008,1.0006,1.0007,628121.0
2026-06-11 20:00:00,1.0007,1.0007,1.0005,1.0007,551869.0
2026-06-11 21:00:00,1.0006,1.0007,1.0005,1.0006,353737.0
2026-06-11 22:00:00,1.0006,1.0007,1.0005,1.0006,351315.0
2026-06-11 23:00:00,1.0005,1.0006,1.0005,1.0006,487883.0
2026-06-12 00:00:00,1.0006,1.0007,1.0005,1.0006,2077353.0
2026-06-12 01:00:00,1.0006,1.0008,1.0006,1.0007,2057606.0
2026-06-12 02:00:00,1.0007,1.001,1.0007,1.0008,6576577.0
2026-06-12 03:00:00,1.0009,1.001,1.0008,1.0009,2592829.0
2026-06-12 04:00:00,1.0009,1.001,1.0008,1.0008,861840.0
2026-06-12 05:00:00,1.0009,1.001,1.0008,1.001,643375.0
2026-06-12 06:00:00,1.0009,1.001,1.0008,1.0008,898802.0
2026-06-12 07:00:00,1.0008,1.001,1.0008,1.0008,680540.0
2026-06-12 08:00:00,1.0009,1.0011,1.0008,1.0009,1292361.0
2026-06-12 09:00:00,1.0009,1.001,1.0009,1.0009,1047185.0
2026-06-12 10:00:00,1.001,1.001,1.0008,1.0008,966047.0
2026-06-12 11:00:00,1.0008,1.0009,1.0007,1.0008,804251.0
2026-06-12 12:00:00,1.0008,1.0009,1.0006,1.0007,1346569.0
2026-06-12 13:00:00,1.0007,1.0008,1.0006,1.0007,623450.0
2026-06-12 14:00:00,1.0007,1.0008,1.0005,1.0006,2134340.0
2026-06-12 15:00:00,1.0006,1.0008,1.0005,1.0006,3824951.0
2026-06-12 16:00:00,1.0007,1.0007,1.0005,1.0007,2150219.0
2026-06-12 17:00:00,1.0007,1.0007,1.0006,1.0006,1000789.0
2026-06-12 18:00:00,1.0007,1.0007,1.0006,1.0007,784736.0
2026-06-12 19:00:00,1.0007,1.0007,1.0004,1.0005,1827424.0
2026-06-12 20:00:00,1.0006,1.0006,1.0005,1.0005,501184.0
2026-06-12 21:00:00,1.0006,1.0006,1.0005,1.0005,388911.0
2026-06-12 22:00:00,1.0006,1.0006,1.0005,1.0005,331736.0
2026-06-12 23:00:00,1.0006,1.0006,1.0005,1.0006,651889.0
2026-06-13 00:00:00,1.0006,1.0007,1.0005,1.0006,581056.0
2026-06-13 01:00:00,1.0006,1.0007,1.0005,1.0007,346875.0
2026-06-13 02:00:00,1.0007,1.0007,1.0006,1.0006,427348.0
2026-06-13 03:00:00,1.0006,1.0007,1.0006,1.0006,333435.0
2026-06-13 04:00:00,1.0007,1.0007,1.0006,1.0007,120369.0
2026-06-13 05:00:00,1.0006,1.0007,1.0005,1.0005,484197.0
2026-06-13 06:00:00,1.0006,1.0007,1.0005,1.0007,385554.0
2026-06-13 07:00:00,1.0007,1.0007,1.0006,1.0007,469682.0
2026-06-13 08:00:00,1.0007,1.0007,1.0006,1.0006,360865.0
2026-06-13 09:00:00,1.0006,1.0007,1.0005,1.0006,429558.0
2026-06-13 10:00:00,1.0006,1.0007,1.0006,1.0007,124841.0
2026-06-13 11:00:00,1.0006,1.0007,1.0006,1.0006,245806.0
2026-06-13 12:00:00,1.0006,1.0007,1.0006,1.0006,933188.0
2026-06-13 13:00:00,1.0006,1.0007,1.0006,1.0006,435373.0
2026-06-13 14:00:00,1.0006,1.0007,1.0006,1.0007,341607.0
2026-06-13 15:00:00,1.0007,1.0007,1.0006,1.0006,266031.0
2026-06-13 16:00:00,1.0007,1.0007,1.0006,1.0006,522240.0
2026-06-13 17:00:00,1.0007,1.0007,1.0006,1.0007,202177.0
2026-06-13 18:00:00,1.0006,1.0007,1.0005,1.0006,1012720.0
2026-06-13 19:00:00,1.0005,1.0006,1.0005,1.0005,196959.0
2026-06-13 20:00:00,1.0006,1.0006,1.0005,1.0005,110685.0
2026-06-13 21:00:00,1.0006,1.0006,1.0005,1.0005,335080.0
2026-06-13 22:00:00,1.0005,1.0006,1.0005,1.0005,189242.0
2026-06-13 23:00:00,1.0006,1.0006,1.0004,1.0006,678261.0
2026-06-14 00:00:00,1.0006,1.0006,1.0004,1.0005,400559.0
2026-06-14 01:00:00,1.0005,1.0006,1.0004,1.0004,295168.0
2026-06-14 02:00:00,1.0004,1.0006,1.0004,1.0005,411078.0
2026-06-14 03:00:00,1.0005,1.0006,1.0004,1.0005,268027.0
2026-06-14 04:00:00,1.0005,1.0006,1.0004,1.0005,280924.0
2026-06-14 05:00:00,1.0004,1.0005,1.0004,1.0005,372671.0
2026-06-14 06:00:00,1.0004,1.0006,1.0004,1.0006,2891189.0
2026-06-14 07:00:00,1.0006,1.0006,1.0005,1.0006,297733.0
2026-06-14 08:00:00,1.0005,1.0006,1.0005,1.0006,1024261.0
2026-06-14 09:00:00,1.0006,1.0007,1.0005,1.0006,661783.0
2026-06-14 10:00:00,1.0005,1.0006,1.0005,1.0006,347013.0
2026-06-14 11:00:00,1.0005,1.0006,1.0005,1.0006,206739.0
2026-06-14 12:00:00,1.0006,1.0007,1.0005,1.0005,397374.0
2026-06-14 13:00:00,1.0006,1.0007,1.0005,1.0006,202545.0
2026-06-14 14:00:00,1.0006,1.0007,1.0004,1.0005,1530065.0
2026-06-14 15:00:00,1.0005,1.0006,1.0004,1.0006,524576.0
2026-06-14 16:00:00,1.0006,1.0006,1.0005,1.0005,261953.0
2026-06-14 17:00:00,1.0006,1.0006,1.0005,1.0005,174707.0
2026-06-14 18:00:00,1.0005,1.0006,1.0005,1.0005,404305.0
2026-06-14 19:00:00,1.0006,1.0006,1.0005,1.0005,93139.0
2026-06-14 20:00:00,1.0006,1.0006,1.0005,1.0006,216599.0
2026-06-14 21:00:00,1.0006,1.0007,1.0005,1.0006,1065657.0
2026-06-14 22:00:00,1.0006,1.0007,1.0005,1.0006,482609.0
2026-06-14 23:00:00,1.0005,1.0007,1.0005,1.0006,333094.0
2026-06-15 00:00:00,1.0006,1.0007,1.0005,1.0006,465906.0
2026-06-15 01:00:00,1.0006,1.0006,1.0005,1.0005,622721.0
2026-06-15 02:00:00,1.0005,1.0006,1.0004,1.0005,364877.0
2026-06-15 03:00:00,1.0005,1.0006,1.0004,1.0005,551271.0
2026-06-15 04:00:00,1.0005,1.0006,1.0004,1.0005,237810.0
2026-06-15 05:00:00,1.0006,1.0006,1.0004,1.0005,281332.0
2026-06-15 06:00:00,1.0005,1.0006,1.0004,1.0005,610577.0
2026-06-15 07:00:00,1.0006,1.0006,1.0005,1.0006,334534.0
2026-06-15 08:00:00,1.0005,1.0006,1.0005,1.0005,637271.0
2026-06-15 09:00:00,1.0006,1.0006,1.0004,1.0004,323496.0
2026-06-15 10:00:00,1.0005,1.0006,1.0004,1.0005,340719.0
2026-06-15 11:00:00,1.0005,1.0006,1.0004,1.0004,677015.0
2026-06-15 12:00:00,1.0004,1.0005,1.0004,1.0004,426726.0
2026-06-15 13:00:00,1.0004,1.0005,1.0003,1.0004,1607235.0
2026-06-15 14:00:00,1.0004,1.0005,1.0003,1.0004,750996.0
2026-06-15 15:00:00,1.0004,1.0005,1.0003,1.0004,910416.0
2026-06-15 16:00:00,1.0003,1.0005,1.0003,1.0004,1368836.0
2026-06-15 17:00:00,1.0004,1.0005,1.0003,1.0004,336549.0
2026-06-15 18:00:00,1.0004,1.0004,1.0003,1.0003,610325.0
2026-06-15 19:00:00,1.0004,1.0004,1.0003,1.0004,850202.0
2026-06-15 20:00:00,1.0004,1.0004,1.0003,1.0003,302711.0
2026-06-15 21:00:00,1.0003,1.0004,1.0003,1.0003,177181.0
2026-06-15 22:00:00,1.0004,1.0004,1.0003,1.0003,286305.0
2026-06-15 23:00:00,1.0003,1.0004,1.0003,1.0003,208365.0
2026-06-16 00:00:00,1.0003,1.0005,1.0003,1.0004,1176758.0
2026-06-16 01:00:00,1.0005,1.0005,1.0004,1.0004,185000.0
2026-06-16 02:00:00,1.0004,1.0005,1.0003,1.0004,667781.0
2026-06-16 03:00:00,1.0003,1.0004,1.0003,1.0003,367482.0
2026-06-16 04:00:00,1.0004,1.0005,1.0003,1.0005,1047945.0
2026-06-16 05:00:00,1.0004,1.0005,1.0004,1.0004,308153.0
2026-06-16 06:00:00,1.0004,1.0005,1.0004,1.0004,344453.0
2026-06-16 07:00:00,1.0004,1.0005,1.0004,1.0005,280519.0
2026-06-16 08:00:00,1.0005,1.0005,1.0004,1.0004,529056.0
2026-06-16 09:00:00,1.0004,1.0006,1.0004,1.0005,450897.0
2026-06-16 10:00:00,1.0005,1.0005,1.0004,1.0004,216071.0
2026-06-16 11:00:00,1.0004,1.0005,1.0004,1.0005,475461.0
2026-06-16 12:00:00,1.0005,1.0005,1.0004,1.0004,754346.0
2026-06-16 13:00:00,1.0005,1.0005,1.0004,1.0004,618183.0
2026-06-16 14:00:00,1.0004,1.0005,1.0004,1.0005,655509.0
2026-06-16 15:00:00,1.0005,1.0005,1.0004,1.0005,435009.0
2026-06-16 16:00:00,1.0005,1.0005,1.0004,1.0005,442709.0
2026-06-16 17:00:00,1.0004,1.0005,1.0003,1.0005,417021.0
2026-06-16 18:00:00,1.0004,1.0006,1.0004,1.0005,1828044.0
2026-06-16 19:00:00,1.0005,1.0006,1.0004,1.0004,270453.0
2026-06-16 20:00:00,1.0004,1.0006,1.0004,1.0005,152003.0
2026-06-16 21:00:00,1.0006,1.0006,1.0004,1.0006,241392.0
2026-06-16 22:00:00,1.0006,1.0006,1.0005,1.0006,220624.0
2026-06-16 23:00:00,1.0005,1.0006,1.0005,1.0005,151201.0
2026-06-17 00:00:00,1.0005,1.0006,1.0004,1.0005,596224.0
2026-06-17 01:00:00,1.0005,1.0006,1.0004,1.0005,261917.0
2026-06-17 02:00:00,1.0006,1.0006,1.0004,1.0006,422489.0
2026-06-17 03:00:00,1.0006,1.0006,1.0005,1.0006,291350.0
2026-06-17 04:00:00,1.0006,1.0006,1.0005,1.0006,512607.0
2026-06-17 05:00:00,1.0006,1.0006,1.0004,1.0005,495619.0
2026-06-17 06:00:00,1.0006,1.0006,1.0005,1.0005,656527.0
2026-06-17 07:00:00,1.0005,1.0006,1.0005,1.0005,1218020.0
2026-06-17 08:00:00,1.0005,1.0006,1.0005,1.0006,523385.0
2026-06-17 09:00:00,1.0005,1.0006,1.0005,1.0006,352429.0
2026-06-17 10:00:00,1.0006,1.0006,1.0005,1.0005,522682.0
2026-06-17 11:00:00,1.0005,1.0006,1.0004,1.0004,1170875.0
2026-06-17 12:00:00,1.0004,1.0005,1.0003,1.0003,994532.0
2026-06-17 13:00:00,1.0004,1.0005,1.0003,1.0005,906888.0
2026-06-17 14:00:00,1.0004,1.0005,1.0003,1.0004,1047137.0
2026-06-17 15:00:00,1.0004,1.0006,1.0004,1.0006,938518.0
2026-06-17 16:00:00,1.0006,1.0006,1.0004,1.0004,947016.0
2026-06-17 17:00:00,1.0005,1.0006,1.0004,1.0006,528893.0
2026-06-17 18:00:00,1.0005,1.0006,1.0004,1.0005,767288.0
2026-06-17 19:00:00,1.0005,1.0006,1.0004,1.0005,714335.0
2026-06-17 20:00:00,1.0005,1.0006,1.0004,1.0005,261897.0
2026-06-17 21:00:00,1.0005,1.0006,1.0005,1.0005,212037.0
2026-06-17 22:00:00,1.0005,1.0007,1.0005,1.0006,402552.0
2026-06-17 23:00:00,1.0006,1.0007,1.0005,1.0006,423902.0
2026-06-18 00:00:00,1.0006,1.0007,1.0005,1.0005,445570.0
2026-06-18 01:00:00,1.0005,1.0006,1.0004,1.0004,629070.0
2026-06-18 02:00:00,1.0004,1.0006,1.0004,1.0005,896624.0
2026-06-18 03:00:00,1.0006,1.0007,1.0005,1.0005,1695212.0
2026-06-18 04:00:00,1.0005,1.0008,1.0005,1.0006,1426177.0
2026-06-18 05:00:00,1.0006,1.0008,1.0006,1.0007,1090370.0
2026-06-18 06:00:00,1.0007,1.0008,1.0007,1.0007,1158409.0
2026-06-18 07:00:00,1.0007,1.0009,1.0007,1.0007,1058570.0
2026-06-18 08:00:00,1.0008,1.001,1.0007,1.0008,1169935.0
2026-06-18 09:00:00,1.0008,1.0009,1.0007,1.0008,901051.0
2026-06-18 10:00:00,1.0007,1.0008,1.0005,1.0007,2422448.0
2026-06-18 11:00:00,1.0006,1.0008,1.0006,1.0008,1995646.0
2026-06-18 12:00:00,1.0007,1.0011,1.0007,1.001,1976494.0
2026-06-18 13:00:00,1.001,1.0011,1.0009,1.001,4232154.0
2026-06-18 14:00:00,1.001,1.0012,1.001,1.001,5354036.0
2026-06-18 15:00:00,1.001,1.0011,1.0009,1.0009,3784875.0
2026-06-18 16:00:00,1.0009,1.001,1.0008,1.0008,1151718.0
2026-06-18 17:00:00,1.0009,1.001,1.0008,1.0009,483229.0
2026-06-18 18:00:00,1.0009,1.001,1.0008,1.0008,1148008.0
2026-06-18 19:00:00,1.0008,1.0009,1.0007,1.0008,629968.0
2026-06-18 20:00:00,1.0008,1.0009,1.0007,1.0007,233114.0
2026-06-18 21:00:00,1.0008,1.0008,1.0007,1.0007,173148.0
2026-06-18 22:00:00,1.0007,1.0008,1.0006,1.0007,611489.0
2026-06-18 23:00:00,1.0007,1.0008,1.0006,1.0007,681215.0
2026-06-19 00:00:00,1.0006,1.0008,1.0006,1.0008,792289.0
2026-06-19 01:00:00,1.0007,1.0009,1.0007,1.0008,535269.0
2026-06-19 02:00:00,1.0008,1.0009,1.0008,1.0009,450744.0
2026-06-19 03:00:00,1.0008,1.0009,1.0007,1.0007,1083275.0
2026-06-19 04:00:00,1.0007,1.0009,1.0007,1.0007,983560.0
2026-06-19 05:00:00,1.0007,1.0009,1.0007,1.0008,441209.0
2026-06-19 06:00:00,1.0009,1.0009,1.0008,1.0009,423362.0
2026-06-19 07:00:00,1.0008,1.001,1.0008,1.0008,1119600.0
2026-06-19 08:00:00,1.0009,1.0009,1.0008,1.0009,397012.0
2026-06-19 09:00:00,1.0008,1.001,1.0008,1.001,647876.0
2026-06-19 10:00:00,1.0009,1.001,1.0009,1.0009,411742.0
2026-06-19 11:00:00,1.001,1.001,1.0009,1.0009,310270.0
2026-06-19 12:00:00,1.001,1.001,1.0009,1.0009,965906.0
2026-06-19 13:00:00,1.0009,1.001,1.0008,1.0009,1282931.0
2026-06-19 14:00:00,1.0009,1.0011,1.0008,1.001,1286200.0
2026-06-19 15:00:00,1.0011,1.0011,1.0009,1.001,444501.0
2026-06-19 16:00:00,1.0009,1.0011,1.0009,1.0009,332845.0
2026-06-19 17:00:00,1.0009,1.001,1.0009,1.0009,186505.0
2026-06-19 18:00:00,1.0009,1.001,1.0009,1.0009,197479.0
2026-06-19 19:00:00,1.0009,1.001,1.0009,1.0009,207696.0
2026-06-19 20:00:00,1.0009,1.001,1.0009,1.001,124738.0
2026-06-19 21:00:00,1.0009,1.001,1.0009,1.0009,181852.0
2026-06-19 22:00:00,1.0009,1.001,1.0009,1.0009,132869.0
2026-06-19 23:00:00,1.0009,1.001,1.0008,1.001,544900.0
2026-06-20 00:00:00,1.0009,1.001,1.0008,1.0009,514848.0
2026-06-20 01:00:00,1.0009,1.0009,1.0008,1.0008,206785.0
2026-06-20 02:00:00,1.0008,1.001,1.0008,1.001,613396.0
2026-06-20 03:00:00,1.001,1.001,1.0009,1.0009,256419.0
2026-06-20 04:00:00,1.0009,1.001,1.0009,1.0009,492145.0
2026-06-20 05:00:00,1.001,1.001,1.0009,1.001,321562.0
2026-06-20 06:00:00,1.0009,1.001,1.0009,1.0009,232546.0
2026-06-20 07:00:00,1.0009,1.001,1.0009,1.001,355858.0
2026-06-20 08:00:00,1.001,1.001,1.0009,1.001,260196.0
2026-06-20 09:00:00,1.0009,1.001,1.0009,1.0009,480658.0
2026-06-20 10:00:00,1.0009,1.0011,1.0009,1.001,274333.0
2026-06-20 11:00:00,1.001,1.0011,1.001,1.001,256801.0
2026-06-20 12:00:00,1.001,1.0011,1.001,1.001,265490.0
2026-06-20 13:00:00,1.001,1.0011,1.0009,1.001,385513.0
2026-06-20 14:00:00,1.001,1.0011,1.0009,1.001,419324.0
2026-06-20 15:00:00,1.001,1.0011,1.0009,1.001,879908.0
2026-06-20 16:00:00,1.001,1.0011,1.0009,1.0011,840093.0
2026-06-20 17:00:00,1.001,1.0011,1.0008,1.0009,1672657.0
2026-06-20 18:00:00,1.0008,1.001,1.0008,1.0009,481611.0
2026-06-20 19:00:00,1.0008,1.0009,1.0008,1.0009,91014.0
2026-06-20 20:00:00,1.0009,1.001,1.0008,1.0009,289838.0
2026-06-20 21:00:00,1.0009,1.0009,1.0008,1.0009,246581.0
2026-06-20 22:00:00,1.0009,1.0011,1.0008,1.001,518658.0
2026-06-20 23:00:00,1.001,1.0011,1.001,1.001,70574.0
2026-06-21 00:00:00,1.001,1.0011,1.001,1.0011,103222.0
2026-06-21 01:00:00,1.001,1.0011,1.001,1.001,196754.0
2026-06-21 02:00:00,1.001,1.0011,1.001,1.0011,124703.0
2026-06-21 03:00:00,1.001,1.0011,1.001,1.001,333188.0
2026-06-21 04:00:00,1.001,1.0011,1.001,1.001,323795.0
2026-06-21 05:00:00,1.001,1.0011,1.001,1.001,243707.0
2026-06-21 06:00:00,1.001,1.0011,1.001,1.001,215224.0
2026-06-21 07:00:00,1.001,1.0011,1.0009,1.0011,758668.0
2026-06-21 08:00:00,1.0011,1.0011,1.001,1.001,335172.0
2026-06-21 09:00:00,1.001,1.0011,1.001,1.0011,1647181.0
2026-06-21 10:00:00,1.0011,1.0013,1.0011,1.0011,1762596.0
2026-06-21 11:00:00,1.0012,1.0013,1.0011,1.0012,1143753.0
2026-06-21 12:00:00,1.0012,1.0012,1.0011,1.0011,446678.0
2026-06-21 13:00:00,1.0011,1.0012,1.0011,1.0011,558967.0
2026-06-21 14:00:00,1.0011,1.0012,1.0011,1.0011,275937.0
2026-06-21 15:00:00,1.0011,1.0012,1.0011,1.0011,424804.0
2026-06-21 16:00:00,1.0011,1.0012,1.0011,1.0011,280815.0
2026-06-21 17:00:00,1.0011,1.0012,1.0011,1.0011,111647.0
2026-06-21 18:00:00,1.0012,1.0012,1.0011,1.0012,154907.0
2026-06-21 19:00:00,1.0012,1.0012,1.0011,1.0011,129086.0
2026-06-21 20:00:00,1.0012,1.0012,1.0011,1.0012,469327.0
2026-06-21 21:00:00,1.0011,1.0012,1.001,1.0011,1691603.0
2026-06-21 22:00:00,1.001,1.0011,1.001,1.001,629928.0
2026-06-21 23:00:00,1.001,1.0011,1.001,1.0011,561855.0
2026-06-22 00:00:00,1.001,1.0011,1.001,1.001,771751.0
2026-06-22 01:00:00,1.001,1.0011,1.001,1.001,403147.0
2026-06-22 02:00:00,1.001,1.0011,1.001,1.0011,788781.0
2026-06-22 03:00:00,1.001,1.0011,1.001,1.001,788224.0
2026-06-22 04:00:00,1.001,1.0011,1.0009,1.0009,1345078.0
2026-06-22 05:00:00,1.0009,1.001,1.0008,1.0008,1337489.0
2026-06-22 06:00:00,1.0009,1.0009,1.0008,1.0008,570743.0
2026-06-22 07:00:00,1.0009,1.0009,1.0008,1.0008,351615.0
2026-06-22 08:00:00,1.0008,1.0009,1.0008,1.0008,313739.0
2026-06-22 09:00:00,1.0008,1.0009,1.0008,1.0009,251792.0
2026-06-22 10:00:00,1.0009,1.0009,1.0008,1.0008,206664.0
2026-06-22 11:00:00,1.0009,1.0009,1.0007,1.0009,1019197.0
2026-06-22 12:00:00,1.0009,1.0009,1.0008,1.0009,376767.0
2026-06-22 13:00:00,1.0009,1.0009,1.0008,1.0009,537331.0
2026-06-22 14:00:00,1.0009,1.0009,1.0008,1.0008,514899.0
2026-06-22 15:00:00,1.0008,1.001,1.0008,1.0009,568313.0
2026-06-22 16:00:00,1.0009,1.001,1.0009,1.0009,364969.0
2026-06-22 17:00:00,1.0009,1.001,1.0009,1.001,709701.0
2026-06-22 18:00:00,1.0009,1.001,1.0009,1.0009,172729.0
2026-06-22 19:00:00,1.0009,1.001,1.0009,1.001,254845.0
2026-06-22 20:00:00,1.0009,1.001,1.0009,1.0009,117662.0
2026-06-22 21:00:00,1.001,1.001,1.0009,1.0009,103981.0
2026-06-22 22:00:00,1.001,1.0011,1.0009,1.001,515652.0
2026-06-22 23:00:00,1.001,1.0011,1.001,1.001,132406.0
2026-06-23 00:00:00,1.001,1.0011,1.001,1.0011,505614.0
2026-06-23 01:00:00,1.001,1.0011,1.001,1.001,226758.0
2026-06-23 02:00:00,1.001,1.0011,1.001,1.0011,237968.0
2026-06-23 03:00:00,1.0011,1.0011,1.001,1.0011,322722.0
2026-06-23 04:00:00,1.0011,1.0012,1.001,1.0011,512885.0
2026-06-23 05:00:00,1.0011,1.0011,1.001,1.001,263346.0
2026-06-23 06:00:00,1.001,1.0011,1.001,1.001,453890.0
2026-06-23 07:00:00,1.001,1.0011,1.001,1.0011,347533.0
2026-06-23 08:00:00,1.0011,1.0011,1.001,1.001,1301000.0
2026-06-23 09:00:00,1.001,1.0011,1.001,1.001,679462.0
2026-06-23 10:00:00,1.001,1.0011,1.001,1.0011,672932.0
2026-06-23 11:00:00,1.001,1.0011,1.001,1.001,585601.0
2026-06-23 12:00:00,1.001,1.0011,1.001,1.0011,426688.0
2026-06-23 13:00:00,1.001,1.0011,1.001,1.001,876511.0
2026-06-23 14:00:00,1.001,1.0011,1.001,1.0011,682390.0
2026-06-23 15:00:00,1.001,1.0011,1.001,1.001,407213.0
2026-06-23 16:00:00,1.001,1.0011,1.001,1.001,1087105.0
2026-06-23 17:00:00,1.001,1.0011,1.001,1.001,440035.0
2026-06-23 18:00:00,1.001,1.0011,1.001,1.001,162567.0
2026-06-23 19:00:00,1.001,1.0012,1.001,1.0011,293780.0
2026-06-23 20:00:00,1.0011,1.0012,1.0011,1.0011,209543.0
2026-06-23 21:00:00,1.0011,1.0012,1.0011,1.0011,258575.0
2026-06-23 22:00:00,1.0011,1.0012,1.0011,1.0011,73321.0
2026-06-23 23:00:00,1.0011,1.0012,1.0011,1.0011,169003.0
2026-06-24 00:00:00,1.0012,1.0012,1.0011,1.0011,365756.0
2026-06-24 01:00:00,1.0011,1.0012,1.0011,1.0011,569011.0
2026-06-24 02:00:00,1.0012,1.0012,1.0011,1.0011,231803.0
2026-06-24 03:00:00,1.0011,1.0012,1.0011,1.0011,423950.0
2026-06-24 04:00:00,1.0011,1.0012,1.0011,1.0011,400415.0
2026-06-24 05:00:00,1.0012,1.0012,1.0011,1.0011,377300.0
2026-06-24 06:00:00,1.0011,1.0012,1.0011,1.0012,336581.0
2026-06-24 07:00:00,1.0011,1.0012,1.0011,1.0011,618808.0
2026-06-24 08:00:00,1.0011,1.0012,1.0011,1.0011,367146.0
2026-06-24 09:00:00,1.0011,1.0012,1.0011,1.0011,474152.0
2026-06-24 10:00:00,1.0011,1.0012,1.0011,1.0011,245840.0
2026-06-24 11:00:00,1.0011,1.0012,1.0011,1.0011,828242.0
2026-06-24 12:00:00,1.0011,1.0012,1.0011,1.0011,372666.0
2026-06-24 13:00:00,1.0011,1.0014,1.0011,1.0011,2846137.0
2026-06-24 14:00:00,1.0011,1.0013,1.0011,1.0011,1817341.0
2026-06-24 15:00:00,1.0011,1.0012,1.0011,1.0011,832423.0
2026-06-24 16:00:00,1.0012,1.0012,1.0011,1.0011,1961158.0
2026-06-24 17:00:00,1.0012,1.0012,1.0011,1.0011,2083934.0
2026-06-24 18:00:00,1.0011,1.0012,1.0011,1.0012,1163490.0
2026-06-24 19:00:00,1.0012,1.0012,1.0011,1.0011,252614.0
2026-06-24 20:00:00,1.0011,1.0013,1.0011,1.0012,1783580.0
2026-06-24 21:00:00,1.0012,1.0013,1.0012,1.0012,387760.0
2026-06-24 22:00:00,1.0012,1.0013,1.0012,1.0012,550257.0
2026-06-24 23:00:00,1.0013,1.0013,1.0012,1.0013,267401.0
2026-06-25 00:00:00,1.0012,1.0013,1.0012,1.0012,405702.0
2026-06-25 01:00:00,1.0012,1.0013,1.0012,1.0013,275313.0
2026-06-25 02:00:00,1.0012,1.0013,1.0012,1.0012,305279.0
2026-06-25 03:00:00,1.0012,1.0014,1.0012,1.0012,645234.0
2026-06-25 04:00:00,1.0013,1.0013,1.0012,1.0012,294755.0
2026-06-25 05:00:00,1.0012,1.0013,1.0012,1.0013,1210159.0
2026-06-25 06:00:00,1.0013,1.0013,1.0012,1.0013,293127.0
2026-06-25 07:00:00,1.0012,1.0013,1.0011,1.0011,1699976.0
2026-06-25 08:00:00,1.0011,1.0012,1.0011,1.0011,389933.0
2026-06-25 09:00:00,1.0011,1.0012,1.0011,1.0011,330416.0
2026-06-25 10:00:00,1.0011,1.0012,1.0011,1.0012,345118.0
2026-06-25 11:00:00,1.0011,1.0012,1.001,1.001,1126979.0
2026-06-25 12:00:00,1.001,1.0011,1.001,1.0011,694064.0
2026-06-25 13:00:00,1.0011,1.0014,1.001,1.0012,3753893.0
2026-06-25 14:00:00,1.0013,1.0014,1.0011,1.0012,3263647.0
2026-06-25 15:00:00,1.0011,1.0013,1.0011,1.0012,1903000.0
2026-06-25 16:00:00,1.0012,1.0013,1.0012,1.0012,524225.0
2026-06-25 17:00:00,1.0012,1.0013,1.0012,1.0012,707318.0
2026-06-25 18:00:00,1.0012,1.0013,1.0012,1.0012,254942.0
2026-06-25 19:00:00,1.0012,1.0013,1.0012,1.0012,364346.0
2026-06-25 20:00:00,1.0013,1.0014,1.0012,1.0013,779208.0
2026-06-25 21:00:00,1.0013,1.0014,1.0013,1.0013,797062.0
2026-06-25 22:00:00,1.0013,1.0014,1.0013,1.0013,351619.0
2026-06-25 23:00:00,1.0013,1.0014,1.0013,1.0014,503546.0
2026-06-26 00:00:00,1.0013,1.0014,1.0013,1.0013,624323.0
2026-06-26 01:00:00,1.0013,1.0014,1.0012,1.0013,207629.0
2026-06-26 02:00:00,1.0012,1.0013,1.0011,1.0011,1309338.0
2026-06-26 03:00:00,1.0011,1.0012,1.0011,1.0012,1181488.0
2026-06-26 04:00:00,1.0011,1.0012,1.0011,1.0011,333057.0
2026-06-26 05:00:00,1.0011,1.0012,1.0011,1.0011,441713.0
2026-06-26 06:00:00,1.0012,1.0012,1.001,1.001,2435828.0
2026-06-26 07:00:00,1.001,1.0011,1.001,1.0011,1711975.0
2026-06-26 08:00:00,1.001,1.0011,1.001,1.001,1028156.0
2026-06-26 09:00:00,1.001,1.0011,1.001,1.001,859930.0
2026-06-26 10:00:00,1.001,1.0011,1.0009,1.0009,1426802.0
2026-06-26 11:00:00,1.0009,1.0011,1.0009,1.001,1856919.0
2026-06-26 12:00:00,1.0011,1.0012,1.0009,1.0011,2322879.0
2026-06-26 13:00:00,1.0011,1.0012,1.0011,1.0011,1532739.0
2026-06-26 14:00:00,1.0012,1.0012,1.001,1.0011,3342713.0
2026-06-26 15:00:00,1.0011,1.0012,1.0011,1.0011,3546612.0
2026-06-26 16:00:00,1.0011,1.0012,1.001,1.0011,1705270.0
2026-06-26 17:00:00,1.0011,1.0012,1.001,1.0011,788774.0
2026-06-26 18:00:00,1.0011,1.0013,1.0011,1.0012,1094368.0
2026-06-26 19:00:00,1.0012,1.0014,1.0012,1.0013,585329.0
2026-06-26 20:00:00,1.0014,1.0015,1.0013,1.0014,611638.0
2026-06-26 21:00:00,1.0014,1.0015,1.0013,1.0013,504923.0
2026-06-26 22:00:00,1.0013,1.0014,1.0013,1.0013,315447.0
2026-06-26 23:00:00,1.0013,1.0014,1.0013,1.0013,281219.0
2026-06-27 00:00:00,1.0013,1.0014,1.0013,1.0013,695288.0
2026-06-27 01:00:00,1.0013,1.0014,1.0013,1.0013,216372.0
2026-06-27 02:00:00,1.0013,1.0014,1.0013,1.0013,616862.0
2026-06-27 03:00:00,1.0013,1.0014,1.0012,1.0014,963414.0
2026-06-27 04:00:00,1.0013,1.0014,1.0013,1.0014,252198.0
2026-06-27 05:00:00,1.0013,1.0014,1.0013,1.0013,365120.0
2026-06-27 06:00:00,1.0014,1.0014,1.0012,1.0012,898472.0
2026-06-27 07:00:00,1.0012,1.0013,1.0012,1.0012,190507.0
2026-06-27 08:00:00,1.0013,1.0013,1.0012,1.0013,525725.0
2026-06-27 09:00:00,1.0012,1.0013,1.0012,1.0012,159195.0
2026-06-27 10:00:00,1.0013,1.0013,1.0011,1.0012,1656164.0
2026-06-27 11:00:00,1.0013,1.0013,1.0012,1.0012,258744.0
2026-06-27 12:00:00,1.0012,1.0013,1.0012,1.0012,182566.0
2026-06-27 13:00:00,1.0012,1.0013,1.0012,1.0012,570583.0
2026-06-27 14:00:00,1.0012,1.0013,1.0012,1.0012,314049.0
2026-06-27 15:00:00,1.0012,1.0013,1.0012,1.0012,756627.0
2026-06-27 16:00:00,1.0012,1.0013,1.0012,1.0012,636650.0
2026-06-27 17:00:00,1.0013,1.0013,1.0012,1.0013,317014.0
2026-06-27 18:00:00,1.0012,1.0013,1.0012,1.0012,136121.0
2026-06-27 19:00:00,1.0012,1.0013,1.0011,1.0011,780246.0
2026-06-27 20:00:00,1.0012,1.0012,1.0011,1.0011,213821.0
2026-06-27 21:00:00,1.0011,1.0012,1.0011,1.0011,260292.0
2026-06-27 22:00:00,1.0011,1.0012,1.0011,1.0011,199154.0
2026-06-27 23:00:00,1.0011,1.0012,1.0011,1.0012,182046.0
2026-06-28 00:00:00,1.0011,1.0012,1.0011,1.0011,401718.0
2026-06-28 01:00:00,1.0011,1.0012,1.0011,1.0012,107065.0
2026-06-28 02:00:00,1.0012,1.0012,1.0011,1.0012,368910.0
2026-06-28 03:00:00,1.0011,1.0012,1.0011,1.0012,190359.0
2026-06-28 04:00:00,1.0011,1.0012,1.0011,1.0012,135057.0
2026-06-28 05:00:00,1.0012,1.0012,1.0011,1.0012,464774.0
2026-06-28 06:00:00,1.0011,1.0012,1.0011,1.0011,179903.0
2026-06-28 07:00:00,1.0012,1.0012,1.0011,1.0011,559040.0
2026-06-28 08:00:00,1.0011,1.0012,1.0011,1.0011,410652.0
2026-06-28 09:00:00,1.0012,1.0012,1.0011,1.0011,189355.0
2026-06-28 10:00:00,1.0011,1.0012,1.0011,1.0011,144300.0
2026-06-28 11:00:00,1.0011,1.0012,1.0011,1.0011,143661.0
2026-06-28 12:00:00,1.0011,1.0012,1.0011,1.0011,148630.0
2026-06-28 13:00:00,1.0011,1.0012,1.0011,1.0011,217860.0
2026-06-28 14:00:00,1.0011,1.0012,1.0011,1.0011,181754.0
2026-06-28 15:00:00,1.0012,1.0012,1.0011,1.0011,116144.0
2026-06-28 16:00:00,1.0011,1.0012,1.0011,1.0011,477453.0
2026-06-28 17:00:00,1.0011,1.0012,1.0011,1.0011,148486.0
2026-06-28 18:00:00,1.0012,1.0012,1.0011,1.0011,215977.0
2026-06-28 19:00:00,1.0011,1.0012,1.0011,1.0012,305895.0
2026-06-28 20:00:00,1.0012,1.0012,1.0011,1.0012,273535.0
2026-06-28 21:00:00,1.0011,1.0012,1.0011,1.0011,192464.0
2026-06-28 22:00:00,1.0011,1.0013,1.0011,1.0012,821347.0
2026-06-28 23:00:00,1.0012,1.0013,1.0011,1.0012,633518.0
2026-06-29 00:00:00,1.0011,1.0013,1.0011,1.0013,1212368.0
2026-06-29 01:00:00,1.0012,1.0013,1.0012,1.0012,287208.0
2026-06-29 02:00:00,1.0013,1.0013,1.0011,1.0013,1258991.0
2026-06-29 03:00:00,1.0012,1.0014,1.0012,1.0013,711083.0
2026-06-29 04:00:00,1.0013,1.0014,1.0012,1.0012,786409.0
2026-06-29 05:00:00,1.0012,1.0013,1.0012,1.0012,291941.0
2026-06-29 06:00:00,1.0013,1.0013,1.0011,1.0011,1397688.0
2026-06-29 07:00:00,1.0011,1.0012,1.0011,1.0011,300151.0
2026-06-29 08:00:00,1.0011,1.0012,1.001,1.0011,1319609.0
2026-06-29 09:00:00,1.0011,1.0011,1.001,1.001,379103.0
2026-06-29 10:00:00,1.001,1.0011,1.001,1.001,230588.0
2026-06-29 11:00:00,1.001,1.0011,1.001,1.0011,666828.0
2026-06-29 12:00:00,1.0011,1.0012,1.001,1.001,1406821.0
2026-06-29 13:00:00,1.001,1.0012,1.001,1.0011,893912.0
2026-06-29 14:00:00,1.0012,1.0014,1.0011,1.0012,1716129.0
2026-06-29 15:00:00,1.0012,1.0013,1.0011,1.0012,730948.0
2026-06-29 16:00:00,1.0012,1.0013,1.0011,1.0012,1051911.0
2026-06-29 17:00:00,1.0013,1.0015,1.0011,1.0012,1613619.0
2026-06-29 18:00:00,1.0011,1.0012,1.0011,1.0012,370227.0
2026-06-29 19:00:00,1.0012,1.0012,1.001,1.0011,662552.0
2026-06-29 20:00:00,1.0011,1.0012,1.0011,1.0011,323948.0
2026-06-29 21:00:00,1.0011,1.0012,1.001,1.001,273701.0
2026-06-29 22:00:00,1.001,1.0011,1.001,1.001,120171.0
2026-06-29 23:00:00,1.001,1.0011,1.001,1.001,116471.0
2026-06-30 00:00:00,1.0011,1.0011,1.001,1.001,445752.0
2026-06-30 01:00:00,1.001,1.0011,1.001,1.001,388082.0
2026-06-30 02:00:00,1.001,1.0013,1.001,1.0012,1520663.0
2026-06-30 03:00:00,1.0011,1.0012,1.0011,1.0012,666846.0
2026-06-30 04:00:00,1.0011,1.0012,1.001,1.0011,1000214.0
2026-06-30 05:00:00,1.0011,1.0012,1.0011,1.0011,589208.0
2026-06-30 06:00:00,1.0011,1.0012,1.001,1.0011,1001540.0
2026-06-30 07:00:00,1.0011,1.0012,1.001,1.0011,353522.0
2026-06-30 08:00:00,1.0011,1.0011,1.001,1.0011,963671.0
2026-06-30 09:00:00,1.001,1.0011,1.001,1.001,694759.0
2026-06-30 10:00:00,1.001,1.0011,1.001,1.001,314638.0
2026-06-30 11:00:00,1.0011,1.0011,1.001,1.001,524845.0
2026-06-30 12:00:00,1.0011,1.0011,1.001,1.0011,1745031.0
2026-06-30 13:00:00,1.001,1.0012,1.001,1.0011,1888379.0
2026-06-30 14:00:00,1.001,1.0012,1.001,1.0011,1228787.0
2026-06-30 15:00:00,1.0011,1.0014,1.0011,1.0012,1889228.0
2026-06-30 16:00:00,1.0012,1.0013,1.0011,1.0012,1091244.0
2026-06-30 17:00:00,1.0012,1.0012,1.001,1.001,1039400.0
2026-06-30 18:00:00,1.001,1.0011,1.001,1.001,270921.0
2026-06-30 19:00:00,1.001,1.0012,1.001,1.001,521806.0
2026-06-30 20:00:00,1.0011,1.0011,1.001,1.001,157153.0
2026-06-30 21:00:00,1.001,1.0011,1.0009,1.0009,579587.0
2026-06-30 22:00:00,1.0009,1.001,1.0009,1.001,97156.0
2026-06-30 23:00:00,1.001,1.0011,1.0009,1.001,594645.0
2026-07-01 00:00:00,1.001,1.0012,1.001,1.0011,1746018.0
2026-07-01 01:00:00,1.0011,1.0013,1.0011,1.0012,1442126.0
2026-07-01 02:00:00,1.0012,1.0012,1.0011,1.0011,636574.0
2026-07-01 03:00:00,1.0011,1.0012,1.0011,1.0011,456912.0
2026-07-01 04:00:00,1.0011,1.0012,1.0011,1.0011,591049.0
2026-07-01 05:00:00,1.0011,1.0012,1.001,1.0011,812573.0
2026-07-01 06:00:00,1.001,1.0011,1.001,1.001,962217.0
2026-07-01 07:00:00,1.001,1.0011,1.0008,1.0008,1707149.0
2026-07-01 08:00:00,1.0008,1.0009,1.0007,1.0007,2325234.0
2026-07-01 09:00:00,1.0008,1.0008,1.0007,1.0008,758513.0
2026-07-01 10:00:00,1.0007,1.0008,1.0007,1.0007,297086.0
2026-07-01 11:00:00,1.0007,1.0008,1.0007,1.0007,515173.0
2026-07-01 12:00:00,1.0008,1.0008,1.0007,1.0007,569689.0
2026-07-01 13:00:00,1.0008,1.0008,1.0007,1.0007,728545.0
2026-07-01 14:00:00,1.0007,1.0008,1.0005,1.0007,2008554.0
2026-07-01 15:00:00,1.0007,1.0007,1.0005,1.0006,1176166.0
2026-07-01 16:00:00,1.0006,1.0006,1.0005,1.0005,422586.0
2026-07-01 17:00:00,1.0005,1.0006,1.0005,1.0006,306569.0
2026-07-01 18:00:00,1.0006,1.0007,1.0005,1.0006,337562.0
2026-07-01 19:00:00,1.0006,1.0007,1.0005,1.0005,626652.0
2026-07-01 20:00:00,1.0005,1.0006,1.0005,1.0005,217552.0
2026-07-01 21:00:00,1.0005,1.0007,1.0005,1.0007,885003.0
2026-07-01 22:00:00,1.0007,1.0008,1.0005,1.0005,1762727.0
2026-07-01 23:00:00,1.0006,1.0006,1.0005,1.0006,714143.0
2026-07-02 00:00:00,1.0005,1.0006,1.0005,1.0006,260338.0
2026-07-02 01:00:00,1.0006,1.0007,1.0005,1.0006,423864.0
2026-07-02 02:00:00,1.0007,1.0009,1.0006,1.0008,684695.0
2026-07-02 03:00:00,1.0007,1.0008,1.0006,1.0006,568164.0
2026-07-02 04:00:00,1.0007,1.0008,1.0006,1.0008,354547.0
2026-07-02 05:00:00,1.0008,1.0008,1.0007,1.0007,297190.0
2026-07-02 06:00:00,1.0007,1.0008,1.0007,1.0008,359228.0
2026-07-02 07:00:00,1.0008,1.0008,1.0007,1.0008,459367.0
2026-07-02 08:00:00,1.0007,1.0009,1.0007,1.0007,814469.0
2026-07-02 09:00:00,1.0008,1.0009,1.0007,1.0009,1253447.0
2026-07-02 10:00:00,1.0009,1.0009,1.0008,1.0008,637289.0
2026-07-02 11:00:00,1.0008,1.0009,1.0008,1.0008,911386.0
2026-07-02 12:00:00,1.0008,1.0009,1.0007,1.0009,1259675.0
2026-07-02 13:00:00,1.0008,1.0009,1.0008,1.0009,926490.0
2026-07-02 14:00:00,1.0009,1.0009,1.0008,1.0008,774034.0
2026-07-02 15:00:00,1.0008,1.0009,1.0008,1.0008,592160.0
2026-07-02 16:00:00,1.0009,1.0009,1.0006,1.0006,811908.0
2026-07-02 17:00:00,1.0006,1.0007,1.0006,1.0006,428995.0
2026-07-02 18:00:00,1.0006,1.0008,1.0006,1.0007,1235755.0
2026-07-02 19:00:00,1.0007,1.0008,1.0007,1.0007,220341.0
2026-07-02 20:00:00,1.0008,1.0008,1.0005,1.0006,1134396.0
2026-07-02 21:00:00,1.0006,1.0007,1.0006,1.0006,162878.0
2026-07-02 22:00:00,1.0006,1.0008,1.0006,1.0007,870117.0
2026-07-02 23:00:00,1.0008,1.0009,1.0008,1.0008,268874.0
2026-07-03 00:00:00,1.0009,1.0009,1.0007,1.0007,604974.0
2026-07-03 01:00:00,1.0007,1.001,1.0007,1.0008,1214812.0
2026-07-03 02:00:00,1.0009,1.0009,1.0008,1.0009,1526727.0
2026-07-03 03:00:00,1.0008,1.001,1.0008,1.0008,718559.0
2026-07-03 04:00:00,1.0009,1.0009,1.0008,1.0009,750487.0
2026-07-03 05:00:00,1.0008,1.0009,1.0008,1.0008,1098143.0
2026-07-03 06:00:00,1.0009,1.0009,1.0008,1.0008,644734.0
2026-07-03 07:00:00,1.0008,1.0009,1.0008,1.0009,474773.0
2026-07-03 08:00:00,1.0009,1.0009,1.0008,1.0009,926537.0
2026-07-03 09:00:00,1.0009,1.0009,1.0008,1.0009,517238.0
2026-07-03 10:00:00,1.0008,1.001,1.0008,1.0009,782397.0
2026-07-03 11:00:00,1.0008,1.0009,1.0008,1.0008,329972.0
2026-07-03 12:00:00,1.0008,1.0009,1.0008,1.0009,1179494.0
2026-07-03 13:00:00,1.0008,1.001,1.0007,1.0007,1709388.0
2026-07-03 14:00:00,1.0008,1.0008,1.0006,1.0007,789244.0
2026-07-03 15:00:00,1.0007,1.0007,1.0006,1.0007,581758.0
2026-07-03 16:00:00,1.0007,1.0007,1.0006,1.0006,491478.0
2026-07-03 17:00:00,1.0007,1.0007,1.0006,1.0006,297089.0
2026-07-03 18:00:00,1.0006,1.0007,1.0005,1.0006,654654.0
2026-07-03 19:00:00,1.0007,1.0007,1.0006,1.0006,349966.0
2026-07-03 20:00:00,1.0007,1.0008,1.0006,1.0007,615597.0
2026-07-03 21:00:00,1.0008,1.0008,1.0007,1.0008,245842.0
2026-07-03 22:00:00,1.0008,1.0008,1.0007,1.0008,202876.0
2026-07-03 23:00:00,1.0007,1.0008,1.0007,1.0008,221208.0
2026-07-04 00:00:00,1.0007,1.0009,1.0007,1.0008,1257797.0
2026-07-04 01:00:00,1.0008,1.001,1.0007,1.0009,1394340.0
2026-07-04 02:00:00,1.0009,1.001,1.0009,1.001,359881.0
2026-07-04 03:00:00,1.001,1.001,1.0009,1.001,285057.0
2026-07-04 04:00:00,1.0009,1.001,1.0009,1.001,341570.0
2026-07-04 05:00:00,1.001,1.0011,1.0009,1.001,613076.0
2026-07-04 06:00:00,1.0009,1.001,1.0009,1.001,232155.0
2026-07-04 07:00:00,1.0009,1.001,1.0009,1.0009,246241.0
2026-07-04 08:00:00,1.0009,1.0011,1.0009,1.001,343013.0
2026-07-04 09:00:00,1.001,1.0011,1.0009,1.001,160782.0
2026-07-04 10:00:00,1.001,1.0011,1.0009,1.001,185136.0
2026-07-04 11:00:00,1.001,1.0011,1.0009,1.001,535988.0
2026-07-04 12:00:00,1.001,1.001,1.0008,1.0008,543529.0
2026-07-04 13:00:00,1.0008,1.0009,1.0007,1.0009,705137.0
2026-07-04 14:00:00,1.0009,1.0009,1.0007,1.0008,597708.0
2026-07-04 15:00:00,1.0007,1.001,1.0007,1.0009,1245104.0
2026-07-04 16:00:00,1.0008,1.001,1.0008,1.0008,1136007.0
2026-07-04 17:00:00,1.0008,1.0009,1.0008,1.0008,320057.0
2026-07-04 18:00:00,1.0008,1.0009,1.0008,1.0009,122984.0
2026-07-04 19:00:00,1.0009,1.0009,1.0008,1.0009,114282.0
2026-07-04 20:00:00,1.0009,1.0009,1.0008,1.0009,179892.0
2026-07-04 21:00:00,1.0008,1.001,1.0008,1.0009,87297.0
2026-07-04 22:00:00,1.0009,1.001,1.0009,1.001,91260.0
2026-07-04 23:00:00,1.0009,1.001,1.0008,1.001,163235.0
2026-07-05 00:00:00,1.0009,1.001,1.0008,1.001,190361.0
2026-07-05 01:00:00,1.0008,1.0009,1.0008,1.0009,151066.0
2026-07-05 02:00:00,1.0008,1.0009,1.0008,1.0009,172960.0
2026-07-05 03:00:00,1.0008,1.0009,1.0008,1.0009,296048.0
2026-07-05 04:00:00,1.0008,1.0009,1.0008,1.0008,211462.0
2026-07-05 05:00:00,1.0008,1.0009,1.0008,1.0009,104926.0
2026-07-05 06:00:00,1.0009,1.0009,1.0008,1.0008,163404.0
2026-07-05 07:00:00,1.0008,1.0009,1.0008,1.0008,649717.0
2026-07-05 08:00:00,1.0009,1.0009,1.0008,1.0008,238058.0
2026-07-05 09:00:00,1.0008,1.0009,1.0008,1.0008,792399.0
2026-07-05 10:00:00,1.0008,1.0009,1.0008,1.0009,225754.0
2026-07-05 11:00:00,1.0008,1.0009,1.0008,1.0009,246180.0
2026-07-05 12:00:00,1.0009,1.001,1.0008,1.0008,274710.0
2026-07-05 13:00:00,1.0008,1.0009,1.0008,1.0009,229989.0
2026-07-05 14:00:00,1.0008,1.0009,1.0008,1.0009,347995.0
2026-07-05 15:00:00,1.0008,1.0009,1.0008,1.0009,218577.0
2026-07-05 16:00:00,1.0008,1.0011,1.0008,1.0008,2656409.0
2026-07-05 17:00:00,1.0009,1.001,1.0008,1.0008,439954.0
2026-07-05 18:00:00,1.0008,1.001,1.0008,1.0009,871337.0
2026-07-05 19:00:00,1.0009,1.001,1.0008,1.0009,183880.0
2026-07-05 20:00:00,1.0009,1.001,1.0008,1.0009,77429.0
2026-07-05 21:00:00,1.0009,1.001,1.0008,1.0009,198591.0
2026-07-05 22:00:00,1.0008,1.001,1.0008,1.0009,419198.0
2026-07-05 23:00:00,1.0009,1.001,1.0009,1.0009,145734.0
2026-07-06 00:00:00,1.0009,1.001,1.0008,1.0008,721644.0
2026-07-06 01:00:00,1.0008,1.0009,1.0008,1.0008,183224.0
2026-07-06 02:00:00,1.0008,1.0009,1.0006,1.0008,1398463.0
2026-07-06 03:00:00,1.0008,1.0008,1.0007,1.0008,235698.0
2026-07-06 04:00:00,1.0007,1.0008,1.0007,1.0007,641136.0
2026-07-06 05:00:00,1.0007,1.0008,1.0006,1.0007,587591.0
2026-07-06 06:00:00,1.0007,1.0008,1.0007,1.0007,320338.0
2026-07-06 07:00:00,1.0007,1.0008,1.0007,1.0008,199099.0
2026-07-06 08:00:00,1.0008,1.0008,1.0007,1.0007,281942.0
2026-07-06 09:00:00,1.0007,1.0008,1.0007,1.0008,356978.0
2026-07-06 10:00:00,1.0007,1.0008,1.0007,1.0008,224369.0
2026-07-06 11:00:00,1.0008,1.0008,1.0007,1.0008,289548.0
2026-07-06 12:00:00,1.0007,1.0008,1.0007,1.0007,587368.0
2026-07-06 13:00:00,1.0007,1.0008,1.0007,1.0008,1098430.0
2026-07-06 14:00:00,1.0007,1.0008,1.0006,1.0006,541744.0
2026-07-06 15:00:00,1.0007,1.0007,1.0004,1.0004,2312119.0
2026-07-06 16:00:00,1.0004,1.0006,1.0004,1.0004,1027548.0
2026-07-06 17:00:00,1.0005,1.0006,1.0004,1.0004,1503755.0
2026-07-06 18:00:00,1.0004,1.0006,1.0004,1.0005,1380614.0
2026-07-06 19:00:00,1.0005,1.0005,1.0004,1.0004,1078713.0
2026-07-06 20:00:00,1.0004,1.0006,1.0003,1.0006,1117403.0
2026-07-06 21:00:00,1.0005,1.0006,1.0005,1.0006,331153.0
2026-07-06 22:00:00,1.0006,1.0007,1.0005,1.0006,276288.0
2026-07-06 23:00:00,1.0006,1.0007,1.0005,1.0006,465838.0
2026-07-07 00:00:00,1.0006,1.0006,1.0005,1.0005,135348.0
2026-07-07 01:00:00,1.0005,1.0006,1.0004,1.0005,411001.0
2026-07-07 02:00:00,1.0004,1.0005,1.0004,1.0004,318826.0
2026-07-07 03:00:00,1.0004,1.0005,1.0004,1.0005,262767.0
2026-07-07 04:00:00,1.0005,1.0005,1.0004,1.0005,529183.0
2026-07-07 05:00:00,1.0005,1.0006,1.0004,1.0005,285385.0
2026-07-07 06:00:00,1.0005,1.0008,1.0005,1.0006,444669.0
2026-07-07 07:00:00,1.0007,1.0007,1.0005,1.0005,641360.0
2026-07-07 08:00:00,1.0006,1.0007,1.0005,1.0006,453319.0
2026-07-07 09:00:00,1.0006,1.0007,1.0006,1.0006,222374.0
2026-07-07 10:00:00,1.0006,1.0008,1.0006,1.0007,458698.0
2026-07-07 11:00:00,1.0007,1.0008,1.0007,1.0007,286773.0
2026-07-07 12:00:00,1.0008,1.0008,1.0007,1.0007,232793.0
2026-07-07 13:00:00,1.0007,1.0008,1.0007,1.0008,303239.0
2026-07-07 14:00:00,1.0008,1.0008,1.0007,1.0008,695241.0
2026-07-07 15:00:00,1.0008,1.0008,1.0007,1.0008,717750.0
2026-07-07 16:00:00,1.0007,1.0008,1.0006,1.0007,399257.0
2026-07-07 17:00:00,1.0007,1.0007,1.0006,1.0007,186229.0
2026-07-07 18:00:00,1.0007,1.0007,1.0005,1.0006,970255.0
2026-07-07 19:00:00,1.0005,1.0006,1.0004,1.0006,444606.0
2026-07-07 20:00:00,1.0005,1.0008,1.0002,1.0004,2392835.0
2026-07-07 21:00:00,1.0004,1.0006,1.0003,1.0004,626245.0
2026-07-07 22:00:00,1.0005,1.0005,1.0003,1.0005,204566.0
2026-07-07 23:00:00,1.0005,1.0005,1.0004,1.0005,98824.0
2026-07-08 00:00:00,1.0005,1.0005,1.0004,1.0005,174330.0
2026-07-08 01:00:00,1.0005,1.0005,1.0004,1.0005,1007545.0
2026-07-08 02:00:00,1.0005,1.0007,1.0004,1.0006,2239349.0
2026-07-08 03:00:00,1.0006,1.0007,1.0005,1.0006,428971.0
2026-07-08 04:00:00,1.0006,1.0007,1.0005,1.0006,337916.0
2026-07-08 05:00:00,1.0006,1.0007,1.0005,1.0006,910208.0
2026-07-08 06:00:00,1.0006,1.0007,1.0005,1.0006,438688.0
2026-07-08 07:00:00,1.0006,1.0007,1.0006,1.0006,256010.0
2026-07-08 08:00:00,1.0007,1.0007,1.0006,1.0006,456871.0
2026-07-08 09:00:00,1.0006,1.0007,1.0006,1.0007,360384.0
2026-07-08 10:00:00,1.0006,1.0007,1.0006,1.0007,326554.0
2026-07-08 11:00:00,1.0006,1.0007,1.0006,1.0006,291749.0
2026-07-08 12:00:00,1.0006,1.0007,1.0006,1.0006,223059.0
2026-07-08 13:00:00,1.0007,1.0007,1.0006,1.0007,499252.0
2026-07-08 14:00:00,1.0007,1.0007,1.0006,1.0007,614892.0
2026-07-08 15:00:00,1.0007,1.0007,1.0005,1.0006,661210.0
2026-07-08 16:00:00,1.0006,1.0007,1.0005,1.0006,397494.0
2026-07-08 17:00:00,1.0007,1.0007,1.0005,1.0006,1961720.0
2026-07-08 18:00:00,1.0006,1.0007,1.0006,1.0006,114456.0
2026-07-08 19:00:00,1.0006,1.0009,1.0006,1.0006,1245542.0
2026-07-08 20:00:00,1.0007,1.0007,1.0005,1.0006,2090872.0
2026-07-08 21:00:00,1.0006,1.0007,1.0006,1.0007,92457.0
2026-07-08 22:00:00,1.0007,1.0007,1.0006,1.0007,145179.0
2026-07-08 23:00:00,1.0006,1.0008,1.0006,1.0008,330237.0
2026-07-09 00:00:00,1.0008,1.0008,1.0007,1.0007,84191.0
2026-07-09 01:00:00,1.0008,1.0008,1.0006,1.0007,499357.0
2026-07-09 02:00:00,1.0007,1.0008,1.0007,1.0008,349605.0
2026-07-09 03:00:00,1.0008,1.0008,1.0007,1.0007,211720.0
2026-07-09 04:00:00,1.0007,1.0008,1.0007,1.0007,222517.0
2026-07-09 05:00:00,1.0007,1.0008,1.0007,1.0007,457545.0
2026-07-09 06:00:00,1.0008,1.0008,1.0006,1.0006,1246166.0
2026-07-09 07:00:00,1.0007,1.0007,1.0006,1.0007,221697.0
2026-07-09 08:00:00,1.0007,1.0007,1.0006,1.0007,352289.0
2026-07-09 09:00:00,1.0007,1.0007,1.0006,1.0006,201803.0
2026-07-09 10:00:00,1.0007,1.0007,1.0006,1.0006,148085.0
2026-07-09 11:00:00,1.0007,1.0008,1.0006,1.0007,406298.0
2026-07-09 12:00:00,1.0008,1.0008,1.0006,1.0006,269366.0
2026-07-09 13:00:00,1.0006,1.0008,1.0006,1.0007,481142.0
2026-07-09 14:00:00,1.0007,1.0007,1.0006,1.0007,450965.0
2026-07-09 15:00:00,1.0006,1.0007,1.0006,1.0007,658743.0
2026-07-09 16:00:00,1.0007,1.0007,1.0005,1.0006,1628421.0
2026-07-09 17:00:00,1.0005,1.0007,1.0005,1.0007,558590.0
2026-07-09 18:00:00,1.0006,1.0007,1.0006,1.0007,368408.0
2026-07-09 19:00:00,1.0006,1.0007,1.0006,1.0006,435485.0
2026-07-09 20:00:00,1.0006,1.0007,1.0005,1.0005,238048.0
2026-07-09 21:00:00,1.0006,1.0006,1.0005,1.0006,58094.0
2026-07-09 22:00:00,1.0005,1.0006,1.0005,1.0006,74325.0
2026-07-09 23:00:00,1.0006,1.0006,1.0005,1.0006,206056.0
2026-07-10 00:00:00,1.0005,1.0006,1.0005,1.0006,139151.0
2026-07-10 01:00:00,1.0005,1.0006,1.0005,1.0005,383509.0
2026-07-10 02:00:00,1.0006,1.0006,1.0005,1.0006,257487.0
2026-07-10 03:00:00,1.0006,1.0007,1.0005,1.0006,229788.0
2026-07-10 04:00:00,1.0006,1.0007,1.0006,1.0007,277869.0
2026-07-10 05:00:00,1.0007,1.0007,1.0006,1.0007,195443.0
2026-07-10 06:00:00,1.0006,1.0007,1.0006,1.0007,393165.0
2026-07-10 07:00:00,1.0007,1.0008,1.0006,1.0006,934237.0
2026-07-10 08:00:00,1.0007,1.0007,1.0005,1.0006,390217.0
2026-07-10 09:00:00,1.0005,1.0006,1.0005,1.0005,689554.0
2026-07-10 10:00:00,1.0005,1.0006,1.0005,1.0005,243010.0
2026-07-10 11:00:00,1.0005,1.0006,1.0005,1.0005,149769.0
2026-07-10 12:00:00,1.0005,1.0006,1.0004,1.0005,914729.0
2026-07-10 13:00:00,1.0005,1.0006,1.0005,1.0006,433318.0
2026-07-10 14:00:00,1.0006,1.0006,1.0005,1.0006,731068.0
2026-07-10 15:00:00,1.0006,1.0007,1.0004,1.0005,1339878.0
2026-07-10 16:00:00,1.0004,1.0005,1.0004,1.0005,298874.0
2026-07-10 17:00:00,1.0005,1.0006,1.0004,1.0005,571658.0
2026-07-10 18:00:00,1.0005,1.0006,1.0004,1.0005,145819.0
2026-07-10 19:00:00,1.0006,1.0006,1.0004,1.0004,252981.0
2026-07-10 20:00:00,1.0004,1.0005,1.0004,1.0005,155981.0
2026-07-10 21:00:00,1.0005,1.0005,1.0004,1.0004,119170.0
2026-07-10 22:00:00,1.0005,1.0005,1.0004,1.0005,247245.0
2026-07-10 23:00:00,1.0005,1.0005,1.0004,1.0004,506311.0
2026-07-11 00:00:00,1.0005,1.0005,1.0003,1.0003,1139724.0
2026-07-11 01:00:00,1.0004,1.0005,1.0003,1.0004,418957.0
2026-07-11 02:00:00,1.0004,1.0005,1.0004,1.0005,89118.0
2026-07-11 03:00:00,1.0004,1.0005,1.0004,1.0005,114522.0
2026-07-11 04:00:00,1.0005,1.0005,1.0004,1.0004,124069.0
2026-07-11 05:00:00,1.0005,1.0007,1.0004,1.0006,1217931.0
2026-07-11 06:00:00,1.0006,1.0007,1.0005,1.0006,150997.0
2026-07-11 07:00:00,1.0007,1.0007,1.0005,1.0006,200847.0
2026-07-11 08:00:00,1.0006,1.0007,1.0005,1.0005,187039.0
2026-07-11 09:00:00,1.0005,1.0007,1.0005,1.0006,293499.0
2026-07-11 10:00:00,1.0007,1.0008,1.0006,1.0007,427446.0
2026-07-11 11:00:00,1.0006,1.0007,1.0006,1.0006,135620.0
2026-07-11 12:00:00,1.0007,1.0007,1.0006,1.0007,145159.0
2026-07-11 13:00:00,1.0006,1.0007,1.0006,1.0007,200101.0
2026-07-11 14:00:00,1.0006,1.0007,1.0006,1.0007,208603.0
2026-07-11 15:00:00,1.0006,1.0007,1.0006,1.0007,624366.0
2026-07-11 16:00:00,1.0006,1.0007,1.0005,1.0006,736340.0
2026-07-11 17:00:00,1.0006,1.0006,1.0005,1.0005,101718.0
2026-07-11 18:00:00,1.0006,1.0006,1.0005,1.0006,133000.0
2026-07-11 19:00:00,1.0006,1.0006,1.0005,1.0005,51702.0
2026-07-11 20:00:00,1.0005,1.0006,1.0005,1.0006,56572.0
2026-07-11 21:00:00,1.0005,1.0006,1.0005,1.0005,26343.0
2026-07-11 22:00:00,1.0006,1.0006,1.0005,1.0005,148946.0
2026-07-11 23:00:00,1.0006,1.0006,1.0005,1.0006,324133.0
2026-07-12 00:00:00,1.0005,1.0006,1.0005,1.0006,161159.0
2026-07-12 01:00:00,1.0005,1.0006,1.0005,1.0006,146824.0
2026-07-12 02:00:00,1.0005,1.0006,1.0005,1.0006,288983.0
2026-07-12 03:00:00,1.0005,1.0006,1.0005,1.0006,118811.0
2026-07-12 04:00:00,1.0006,1.0006,1.0005,1.0005,290122.0
2026-07-12 05:00:00,1.0005,1.0006,1.0004,1.0005,194099.0
2026-07-12 06:00:00,1.0005,1.0006,1.0004,1.0005,631460.0
2026-07-12 07:00:00,1.0005,1.0005,1.0004,1.0005,225846.0
2026-07-12 08:00:00,1.0004,1.0005,1.0004,1.0004,147860.0
2026-07-12 09:00:00,1.0004,1.0005,1.0004,1.0004,136472.0
2026-07-12 10:00:00,1.0005,1.0005,1.0004,1.0005,116722.0
2026-07-12 11:00:00,1.0005,1.0005,1.0004,1.0005,234310.0
2026-07-12 12:00:00,1.0005,1.0005,1.0004,1.0005,205950.0
2026-07-12 13:00:00,1.0005,1.0005,1.0004,1.0004,198495.0
2026-07-12 14:00:00,1.0005,1.0005,1.0004,1.0004,220629.0
2026-07-12 15:00:00,1.0005,1.0005,1.0004,1.0004,207025.0
2026-07-12 16:00:00,1.0004,1.0005,1.0004,1.0005,218709.0
2026-07-12 17:00:00,1.0005,1.0005,1.0004,1.0004,115757.0
2026-07-12 18:00:00,1.0004,1.0005,1.0004,1.0004,61666.0
2026-07-12 19:00:00,1.0005,1.0005,1.0004,1.0004,102725.0
2026-07-12 20:00:00,1.0004,1.0005,1.0003,1.0004,171035.0
2026-07-12 21:00:00,1.0003,1.0004,1.0003,1.0003,216493.0
2026-07-12 22:00:00,1.0003,1.0004,1.0003,1.0003,154862.0
2026-07-12 23:00:00,1.0004,1.0005,1.0003,1.0004,187917.0
2026-07-13 00:00:00,1.0005,1.0005,1.0003,1.0005,640652.0
2026-07-13 01:00:00,1.0005,1.0005,1.0004,1.0004,283704.0
2026-07-13 02:00:00,1.0005,1.0005,1.0004,1.0004,295399.0
2026-07-13 03:00:00,1.0004,1.0005,1.0004,1.0004,566338.0
2026-07-13 04:00:00,1.0005,1.0005,1.0004,1.0005,191099.0
2026-07-13 05:00:00,1.0004,1.0005,1.0004,1.0004,288830.0
2026-07-13 06:00:00,1.0004,1.0005,1.0004,1.0004,239646.0
2026-07-13 07:00:00,1.0005,1.0005,1.0004,1.0004,499136.0
2026-07-13 08:00:00,1.0004,1.0006,1.0004,1.0005,705962.0
2026-07-13 09:00:00,1.0006,1.0006,1.0005,1.0005,328483.0
2026-07-13 10:00:00,1.0005,1.0006,1.0005,1.0006,296213.0
2026-07-13 11:00:00,1.0005,1.0006,1.0005,1.0006,282678.0
2026-07-13 12:00:00,1.0005,1.0006,1.0005,1.0005,173684.0
2026-07-13 13:00:00,1.0005,1.0006,1.0005,1.0005,594426.0
2026-07-13 14:00:00,1.0005,1.0007,1.0005,1.0006,875218.0
2026-07-13 15:00:00,1.0006,1.0007,1.0005,1.0006,591493.0
2026-07-13 16:00:00,1.0006,1.0006,1.0005,1.0005,601168.0
2026-07-13 17:00:00,1.0006,1.0007,1.0005,1.0006,630936.0
2026-07-13 18:00:00,1.0006,1.0007,1.0005,1.0006,2104390.0
2026-07-13 19:00:00,1.0007,1.0007,1.0006,1.0007,2229963.0
2026-07-13 20:00:00,1.0006,1.0007,1.0006,1.0006,159893.0
2026-07-13 21:00:00,1.0006,1.0007,1.0006,1.0007,154435.0
2026-07-13 22:00:00,1.0006,1.0012,1.0006,1.0009,2936874.0
2026-07-13 23:00:00,1.0009,1.001,1.0008,1.0008,881920.0
2026-07-14 00:00:00,1.0008,1.0009,1.0008,1.0009,732774.0
2026-07-14 01:00:00,1.0008,1.0009,1.0008,1.0008,196224.0
2026-07-14 02:00:00,1.0009,1.0009,1.0008,1.0008,464202.0
2026-07-14 03:00:00,1.0008,1.0009,1.0008,1.0008,249527.0
2026-07-14 04:00:00,1.0008,1.0009,1.0008,1.0008,219445.0
2026-07-14 05:00:00,1.0009,1.0009,1.0008,1.0009,715829.0
2026-07-14 06:00:00,1.0008,1.0009,1.0008,1.0008,213101.0
2026-07-14 07:00:00,1.0008,1.0012,1.0008,1.001,1733278.0
2026-07-14 08:00:00,1.0009,1.001,1.0009,1.001,250233.0
2026-07-14 09:00:00,1.0009,1.001,1.0008,1.0008,933465.0
2026-07-14 10:00:00,1.0008,1.0009,1.0008,1.0008,237013.0
2026-07-14 11:00:00,1.0009,1.0009,1.0008,1.0009,302557.0
2026-07-14 12:00:00,1.0008,1.0009,1.0008,1.0009,1512861.0
2026-07-14 13:00:00,1.0009,1.0009,1.0008,1.0008,678342.0
2026-07-14 14:00:00,1.0009,1.0009,1.0007,1.0008,1339507.0
2026-07-14 15:00:00,1.0008,1.0009,1.0007,1.0008,1284985.0
2026-07-14 16:00:00,1.0008,1.0009,1.0007,1.0007,545097.0
2026-07-14 17:00:00,1.0008,1.0008,1.0006,1.0006,795209.0
2026-07-14 18:00:00,1.0006,1.0007,1.0006,1.0006,204632.0
2026-07-14 19:00:00,1.0006,1.0007,1.0006,1.0006,486192.0
2026-07-14 20:00:00,1.0006,1.0007,1.0005,1.0006,263963.0
2026-07-14 21:00:00,1.0006,1.0007,1.0005,1.0006,956791.0
2026-07-14 22:00:00,1.0006,1.0006,1.0004,1.0005,922077.0
2026-07-14 23:00:00,1.0004,1.0005,1.0004,1.0005,346717.0
2026-07-15 00:00:00,1.0004,1.0005,1.0004,1.0004,2504548.0
2026-07-15 01:00:00,1.0004,1.0005,1.0004,1.0005,526493.0
2026-07-15 02:00:00,1.0004,1.0005,1.0004,1.0004,282379.0
2026-07-15 03:00:00,1.0004,1.0005,1.0004,1.0004,336481.0
2026-07-15 04:00:00,1.0004,1.0005,1.0004,1.0004,215560.0
2026-07-15 05:00:00,1.0004,1.0005,1.0004,1.0005,305669.0
2026-07-15 06:00:00,1.0005,1.0005,1.0003,1.0004,963295.0
2026-07-15 07:00:00,1.0004,1.0005,1.0003,1.0003,905204.0
2026-07-15 08:00:00,1.0004,1.0004,1.0003,1.0004,529415.0
2026-07-15 09:00:00,1.0004,1.0005,1.0003,1.0004,415129.0
2026-07-15 10:00:00,1.0004,1.0005,1.0004,1.0004,651814.0
2026-07-15 11:00:00,1.0004,1.0006,1.0004,1.0005,1948616.0
2026-07-15 12:00:00,1.0005,1.0007,1.0005,1.0005,1223803.0
2026-07-15 13:00:00,1.0006,1.0007,1.0005,1.0006,1305218.0
2026-07-15 14:00:00,1.0006,1.0006,1.0005,1.0006,822713.0
2026-07-15 15:00:00,1.0006,1.0006,1.0005,1.0006,552924.0
2026-07-15 16:00:00,1.0005,1.0006,1.0005,1.0006,497097.0
2026-07-15 17:00:00,1.0005,1.0006,1.0004,1.0005,1238876.0
2026-07-15 18:00:00,1.0004,1.0005,1.0003,1.0004,557797.0
2026-07-15 19:00:00,1.0003,1.0004,1.0003,1.0004,165680.0
2026-07-15 20:00:00,1.0004,1.0004,1.0003,1.0003,216597.0
2026-07-15 21:00:00,1.0003,1.0005,1.0003,1.0004,1264827.0
2026-07-15 22:00:00,1.0004,1.0005,1.0004,1.0005,114623.0
2026-07-15 23:00:00,1.0004,1.0005,1.0002,1.0004,2941325.0
2026-07-16 00:00:00,1.0004,1.0004,1.0003,1.0003,287504.0
2026-07-16 01:00:00,1.0003,1.0004,1.0003,1.0004,526736.0
2026-07-16 02:00:00,1.0004,1.0005,1.0003,1.0004,563264.0
2026-07-16 03:00:00,1.0005,1.0005,1.0004,1.0004,345619.0
2026-07-16 04:00:00,1.0005,1.0005,1.0004,1.0005,388824.0
2026-07-16 05:00:00,1.0004,1.0005,1.0004,1.0004,251928.0
2026-07-16 06:00:00,1.0004,1.0006,1.0004,1.0005,745621.0
2026-07-16 07:00:00,1.0006,1.0006,1.0004,1.0005,645348.0
2026-07-16 08:00:00,1.0005,1.0006,1.0004,1.0005,854474.0
2026-07-16 09:00:00,1.0005,1.0007,1.0005,1.0006,1173351.0
2026-07-16 10:00:00,1.0007,1.0007,1.0006,1.0006,358694.0
2026-07-16 11:00:00,1.0006,1.0007,1.0006,1.0006,249197.0
2026-07-16 12:00:00,1.0006,1.0007,1.0005,1.0006,299688.0
2026-07-16 13:00:00,1.0006,1.0006,1.0005,1.0005,382676.0
2026-07-16 14:00:00,1.0005,1.0007,1.0005,1.0006,806865.0
2026-07-16 15:00:00,1.0006,1.0006,1.0005,1.0005,646568.0
2026-07-16 16:00:00,1.0005,1.0006,1.0004,1.0005,294588.0
2026-07-16 17:00:00,1.0005,1.0005,1.0004,1.0004,330138.0
2026-07-16 18:00:00,1.0005,1.0006,1.0004,1.0005,1464664.0
2026-07-16 19:00:00,1.0005,1.0006,1.0005,1.0005,190788.0
2026-07-16 20:00:00,1.0005,1.0006,1.0005,1.0006,455191.0
2026-07-16 21:00:00,1.0005,1.0006,1.0005,1.0005,275391.0
2026-07-16 22:00:00,1.0005,1.0006,1.0005,1.0005,182242.0
2026-07-16 23:00:00,1.0005,1.0006,1.0005,1.0006,277499.0
2026-07-17 00:00:00,1.0006,1.0006,1.0004,1.0005,382275.0
2026-07-17 01:00:00,1.0005,1.0006,1.0004,1.0006,1899265.0
2026-07-17 02:00:00,1.0006,1.0006,1.0005,1.0005,513314.0
2026-07-17 03:00:00,1.0006,1.0007,1.0005,1.0006,349023.0
2026-07-17 04:00:00,1.0006,1.0007,1.0006,1.0007,278819.0
2026-07-17 05:00:00,1.0007,1.0007,1.0005,1.0006,1366966.0
2026-07-17 06:00:00,1.0005,1.0006,1.0005,1.0005,4535304.0
2026-07-17 07:00:00,1.0005,1.0006,1.0005,1.0006,528758.0
2026-07-17 08:00:00,1.0005,1.0008,1.0005,1.0007,2597639.0
2026-07-17 09:00:00,1.0007,1.0008,1.0006,1.0006,1757877.0
2026-07-17 10:00:00,1.0007,1.0007,1.0006,1.0007,439567.0
2026-07-17 11:00:00,1.0006,1.0007,1.0006,1.0007,426093.0
2026-07-17 12:00:00,1.0006,1.0007,1.0006,1.0006,434203.0
2026-07-17 13:00:00,1.0007,1.0008,1.0006,1.0007,1413854.0
2026-07-17 14:00:00,1.0007,1.0008,1.0006,1.0007,592271.0
2026-07-17 15:00:00,1.0006,1.0007,1.0006,1.0006,524972.0
2026-07-17 16:00:00,1.0006,1.0007,1.0006,1.0006,488085.0
2026-07-17 17:00:00,1.0006,1.0008,1.0006,1.0007,1155667.0
2026-07-17 18:00:00,1.0006,1.0007,1.0006,1.0007,436077.0
2026-07-17 19:00:00,1.0007,1.0007,1.0006,1.0007,310087.0
2026-07-17 20:00:00,1.0007,1.0007,1.0006,1.0007,123458.0
2026-07-17 21:00:00,1.0007,1.0007,1.0006,1.0007,363068.0
2026-07-17 22:00:00,1.0006,1.0007,1.0006,1.0006,98216.0
2026-07-17 23:00:00,1.0006,1.0007,1.0006,1.0007,165254.0
2026-07-18 00:00:00,1.0007,1.0007,1.0006,1.0007,220292.0
2026-07-18 01:00:00,1.0006,1.0007,1.0006,1.0006,83275.0
